id,code_INSEE,commune,surface_parcourue_m2,annee,mois,jour,heure,nature_inc_prim,nature_inc_sec,latitude,longitude,altitude_med
1,43192,Saint-Haon,72000,2012,Feb,28,13,Involontaire,particulier,44.8548,3.7554,1150.0
2,15095,Laroquevieille,150000,2012,Feb,29,13,Involontaire,travaux,45.0283,2.5257,940.0
3,15205,Saint-Paul-de-Salers,300000,2012,Mar,2,13,Involontaire,particulier,45.1374,2.5504,940.0
4,15187,Saint-Flour,70000,2012,Mar,2,13,Involontaire,particulier,45.0251,3.073,975.0
5,15029,Cassaniouze,80000,2012,Mar,8,11,Involontaire,particulier,44.6761,2.3822,439.0
6,15229,Soulages,50000,2012,Mar,14,19,Accidentelle,NA,45.0897,3.2714,805.0
7,12099,Fayet,75000,2012,Mar,1,16,Involontaire,particulier,43.8058,2.9703,510.0
8,12240,Saint-Parthem,75000,2012,Mar,2,14,Involontaire,particulier,44.6348,2.2908,260.0
9,15038,Champs-sur-Tarentaine-Marchal,180000,2012,Mar,16,13,Malveillance,NA,45.4043,2.6053,655.0
10,15015,Auzers,50000,2012,Mar,17,8,Accidentelle,NA,45.2732,2.4681,910.0
11,38138,CrÃ©mieu,50000,2012,Mar,2,16,Malveillance,NA,45.7314,5.2635,250.0
12,58003,Alligny-en-Morvan,70000,2012,Mar,27,21,Involontaire,travaux,47.2102,4.1674,600.0
13,12096,Espalion,50000,2012,Mar,23,19,Involontaire,particulier,44.5191,2.7624,359.0
14,12147,Montagnol,50000,2012,Mar,14,15,Involontaire,particulier,43.828,3.0212,510.0
15,15166,RoumÃ©goux,50000,2012,Mar,28,13,Involontaire,travaux,44.8611,2.1872,705.0
16,15083,Jussac,60000,2012,Mar,29,15,Involontaire,travaux,44.997,2.4189,630.0
17,38523,Varacieux,50000,2012,Mar,26,11,Malveillance,NA,45.2277,5.3409,630.0
18,12130,Livinhac-le-Haut,650000,2012,Mar,28,12,Involontaire,particulier,44.5993,2.2118,185.0
19,15207,Saint-Poncy,100000,2012,Apr,2,15,Involontaire,travaux,45.1691,3.1914,805.0
20,97411,Saint-Denis,150000,2012,Sep,16,11,Malveillance,NA,-20.9434,55.4444,1069.0
21,97411,Saint-Denis,85000,2012,Oct,27,11,Malveillance,NA,-20.9434,55.4444,1069.0
22,40184,Mimizan,162907,2012,Aug,16,15,Accidentelle,NA,44.1995,-1.2322,26.0
23,40040,Beylongue,153000,2012,Feb,28,14,Involontaire,particulier,43.9201,-0.82,80.0
24,33329,PompÃ©jac,119800,2012,Sep,20,16,Involontaire,travaux,44.3986,-0.2997,96.0
25,16384,TouvÃ©rac,50000,2012,Jun,25,2,Accidentelle,NA,45.3748,-0.2001,95.0
26,34235,Rosis,74000,2012,Feb,22,21,Malveillance,NA,43.6295,2.9989,900.0
27,34178,Murviel-lÃ¨s-BÃ©ziers,83300,2012,Feb,20,15,Malveillance,NA,43.4597,3.1362,140.0
28,2B251,Prunelli-di-Fiumorbo,200000,2012,Jan,6,12,Malveillance,NA,42.0069,9.3749,82.0
29,4093,Gigors,182000,2012,Feb,19,13,Involontaire,particulier,44.4243,6.1422,1020.0
30,66072,Estavar,50000,2012,Feb,29,15,Involontaire,travaux,42.4764,2.0121,1600.0
31,30090,Concoules,102800,2012,Feb,9,12,Involontaire,particulier,44.3684,3.9356,470.0
32,7194,Rochessauve,86000,2012,Mar,2,17,Involontaire,travaux,44.6779,4.6063,216.0
33,7114,Labatie-d'Andaure,120000,2012,Mar,3,10,Involontaire,travaux,45.0344,4.493,1055.0
34,7263,Saint-Laurent-sous-Coiron,166000,2012,Mar,3,14,Involontaire,travaux,44.6726,4.4838,500.0
35,34316,Usclas-du-Bosc,55000,2012,Feb,23,15,Involontaire,travaux,43.7249,3.3967,110.0
36,34016,Aumelas,150000,2012,Mar,8,7,Malveillance,NA,43.5768,3.6056,50.0
37,34286,Saint-Privat,100000,2012,Mar,10,14,Malveillance,NA,43.7535,3.4285,620.0
38,34341,Villeveyrac,101100,2012,Mar,9,15,Involontaire,travaux,43.4956,3.5931,34.0
39,4229,Valbelle,68000,2012,Feb,23,12,Involontaire,travaux,44.1398,5.8753,520.0
40,11251,Montlaur,64200,2012,Feb,29,13,Involontaire,travaux,43.1283,2.5498,240.0
41,34143,Loupian,320000,2012,Mar,8,14,Accidentelle,NA,43.4509,3.6279,73.0
42,34286,Saint-Privat,190200,2012,Mar,10,14,Malveillance,NA,43.7535,3.4285,620.0
43,7202,SabliÃ¨res,450000,2012,Mar,15,15,Involontaire,particulier,44.5451,4.0675,400.0
44,7136,Laveyrune,76000,2012,Mar,15,17,Involontaire,travaux,44.6174,3.9255,912.0
45,6042,Clans,518181,2012,Jan,17,13,Involontaire,travaux,44.003,7.1827,630.0
46,6116,Saint-Auban,120500,2012,Mar,16,10,Involontaire,travaux,43.8319,6.7367,1070.0
47,2B049,Calenzana,50000,2012,Mar,11,17,Malveillance,NA,42.4736,8.7863,547.0
48,48119,PrÃ©venchÃ¨res,50000,2012,Feb,21,14,Involontaire,travaux,44.5144,3.9119,900.0
49,66179,Saint-Laurent-de-Cerdans,70000,2012,Mar,24,13,Involontaire,travaux,42.3944,2.6222,725.0
50,66016,Banyuls-sur-Mer,50000,2012,Mar,25,12,Involontaire,travaux,42.4602,3.1015,72.0
51,7045,Burzet,590000,2012,Mar,27,16,Malveillance,NA,44.7473,4.2346,602.0
52,5033,Chanousse,223300,2012,Mar,11,13,Involontaire,particulier,44.3648,5.6592,815.0
53,7153,Mayres,114000,2012,Mar,28,20,Malveillance,NA,44.6646,4.1001,550.0
54,11265,Niort-de-Sault,53200,2012,Mar,29,13,Malveillance,NA,42.7731,1.9885,980.0
55,83007,Aups,50000,2012,Mar,28,17,Involontaire,travaux,43.6283,6.2139,390.0
56,48022,BÃ©douÃ¨s,60000,2012,Mar,16,15,Involontaire,travaux,44.35,3.6,618.0
57,48097,Moissac-VallÃ©e-FranÃ§aise,50000,2012,Mar,1,11,Involontaire,travaux,44.1587,3.792,650.0
58,48186,Salle-Prunet (La),60000,2012,Feb,26,14,Involontaire,particulier,44.3167,3.6167,618.0
59,30062,Calvisson,70606,2012,Apr,2,14,Malveillance,NA,43.7853,4.189,12.0
60,4039,Castellane,50000,2012,Feb,29,15,Involontaire,travaux,43.8485,6.4871,729.0
61,83114,Saint-Martin,60475,2012,May,5,17,Naturelle,NA,43.577,5.8869,348.0
62,34169,Montferrier-sur-Lez,76600,2012,May,13,15,Involontaire,particulier,43.6677,3.8621,45.0
63,7147,Malarce-sur-la-Thines,80000,2012,May,17,18,Naturelle,NA,44.4777,4.0512,400.0
64,2A324,Tavera,153000,2012,Mar,10,13,Malveillance,NA,42.0729,9.0296,671.0
65,2A139,Lecci,147300,2012,Mar,10,14,Involontaire,particulier,41.6594,9.3102,88.0
66,2B096,Corte,70000,2012,Jun,13,13,Malveillance,NA,42.2737,9.0691,1372.0
67,2B080,Castifao,260200,2012,Jul,1,11,Accidentelle,NA,42.5308,9.1339,560.0
68,66207,Terrats,100000,2012,Jun,25,14,Accidentelle,NA,42.6046,2.7584,200.0
69,66056,CorbÃ¨re-les-Cabanes,50000,2012,Jun,25,14,Accidentelle,NA,42.66,2.6837,180.0
70,66088,Ille-sur-TÃªt,70000,2012,Jun,25,17,Involontaire,particulier,42.6746,2.6167,158.0
71,2B058,Canari,50000,2012,Jun,23,15,Involontaire,travaux,42.8393,9.3505,140.0
72,34339,Villespassans,140000,2012,Jun,23,14,Involontaire,particulier,43.3812,2.9161,219.0
73,83150,Vinon-sur-Verdon,50000,2012,Jul,11,14,Involontaire,travaux,43.7214,5.8017,271.0
74,2B185,Oletta,60000,2012,Jul,12,10,Malveillance,NA,42.6451,9.3453,54.0
75,2B079,Castello-di-Rostino,185100,2012,Jul,13,12,Malveillance,NA,42.4732,9.2967,499.0
76,2B110,Favalello,150067,2012,Jul,13,13,Malveillance,NA,42.2886,9.2519,350.0
77,11097,Conilhac-de-la-Montagne,267000,2012,Jul,13,15,Involontaire,travaux,42.9786,2.195,222.0
78,66004,Angles (Les),300000,2012,Jul,4,10,Naturelle,NA,42.5797,2.049,2017.0
79,66021,Bompas,100000,2012,Jul,16,13,Involontaire,travaux,42.7271,2.9426,7.0
80,2B112,Feliceto,650000,2012,Jul,15,19,Malveillance,NA,42.5515,8.9415,450.0
81,11396,Trausse,672258,2012,Jul,19,11,Involontaire,travaux,43.3202,2.5675,125.0
82,11069,Carcassonne,95300,2012,Jul,21,17,Malveillance,NA,43.2078,2.3491,128.0
83,4070,Digne-les-Bains,50000,2012,Jun,22,14,Involontaire,particulier,44.0954,6.2495,595.0
84,2B185,Oletta,59000,2012,Jul,25,16,Malveillance,NA,42.6451,9.3453,54.0
85,34038,Bousquet-d'Orb (Le),130000,2012,Feb,8,16,Involontaire,particulier,43.7011,3.1495,249.0
86,48070,Grandrieu,350000,2012,Apr,28,18,Accidentelle,NA,44.7748,3.64,1260.0
87,2B185,Oletta,60000,2012,Jul,30,12,Malveillance,NA,42.6451,9.3453,54.0
88,2B185,Oletta,60000,2012,Jul,30,15,Malveillance,NA,42.6451,9.3453,54.0
89,2B049,Calenzana,60000,2012,Aug,4,15,Malveillance,NA,42.4736,8.7863,547.0
90,13067,Orgon,74000,2012,Jul,16,18,Malveillance,NA,43.7844,5.0294,250.0
91,13001,Aix-en-Provence,180000,2012,Jul,23,15,Malveillance,NA,43.536,5.3879,215.0
92,11262,Narbonne,582300,2012,Aug,9,16,Accidentelle,NA,43.1493,3.0336,13.0
93,34186,Octon,52000,2012,Feb,21,20,Involontaire,travaux,43.6588,3.2936,184.0
94,11285,Peyriac-de-Mer,71100,2012,Aug,13,16,Malveillance,NA,43.0899,2.9547,13.0
95,34032,BÃ©ziers,54000,2012,Jun,25,15,Accidentelle,NA,43.3481,3.2342,50.0
96,2B185,Oletta,90000,2012,Aug,20,12,Malveillance,NA,42.6451,9.3453,54.0
97,7038,Borne,500000,2012,Aug,21,17,Naturelle,NA,44.6115,4.0444,1230.0
98,7147,Malarce-sur-la-Thines,80000,2012,Aug,21,7,Accidentelle,NA,44.4777,4.0512,400.0
99,48148,Saint-Ã‰tienne-VallÃ©e-FranÃ§aise,50000,2012,Feb,15,15,Involontaire,particulier,44.1736,3.8492,518.0
100,66137,Perthus (Le),120000,2012,Jul,22,13,Malveillance,NA,42.4664,2.8639,295.0
101,34165,Montbazin,414500,2012,Aug,18,16,Malveillance,NA,43.5325,3.6694,34.0
102,66141,Pia,140000,2012,Jul,28,16,Accidentelle,NA,42.7506,2.9172,42.0
103,66069,Espira-de-l'Agly,50000,2012,Aug,12,4,Malveillance,NA,42.7987,2.8231,42.0
104,83099,Puget-sur-Argens,254000,2012,Aug,31,14,Involontaire,particulier,43.4712,6.6861,7.0
105,34061,Causses-et-Veyran,230000,2012,Aug,28,1,Malveillance,NA,43.4656,3.0897,140.0
106,66030,Calce,50000,2012,Aug,14,10,Malveillance,NA,42.7477,2.7545,182.0
107,66214,Tresserre,160000,2012,Aug,17,13,Accidentelle,NA,42.5559,2.842,148.0
108,66005,Angoustrine-Villeneuve-des-Escaldes,630000,2012,Aug,24,13,Involontaire,particulier,42.546,1.9443,1600.0
109,66088,Ille-sur-TÃªt,50000,2012,Sep,10,2,Malveillance,NA,42.6746,2.6167,158.0
110,66227,Villeneuve-de-la-Raho,150000,2012,Sep,13,20,Accidentelle,NA,42.6402,2.909,13.0
111,11397,TrÃ¨bes,143800,2012,Sep,14,13,Involontaire,particulier,43.209,2.4653,136.0
112,66147,PortÃ©-Puymorens,50000,2012,Jul,18,15,Naturelle,NA,42.5546,1.8381,1975.0
113,4163,Revest-du-Bion,297000,2012,Jul,18,18,Involontaire,travaux,44.1024,5.5439,804.0
114,4156,Puimichel,264000,2012,Jul,26,15,Involontaire,travaux,43.9803,6.0245,473.0
115,13112,Velaux,320000,2012,Sep,13,17,Malveillance,NA,43.5215,5.246,198.0
116,5024,Bruis,400000,2012,Aug,27,13,Naturelle,NA,44.4627,5.5309,786.0
117,7210,Saint-AndÃ©ol-de-Vals,70000,2012,Feb,22,17,Involontaire,particulier,44.6976,4.4015,600.0
118,2A004,Ajaccio,438000,2012,Aug,31,16,Malveillance,NA,41.9228,8.7058,86.0
119,2A004,Ajaccio,50000,2012,Sep,2,16,Malveillance,NA,41.9228,8.7058,86.0
120,66150,Prats-de-Mollo-la-Preste,90000,2012,Nov,13,10,Involontaire,travaux,42.4174,2.4229,725.0
121,7266,Sainte-Marguerite-LafigÃ¨re,230000,2012,Feb,23,13,Involontaire,particulier,44.4866,3.9975,803.0
122,6057,EscarÃ¨ne (L'),52400,2012,Feb,20,13,Involontaire,travaux,43.8303,7.3665,340.0
123,22233,Plourivo,200000,2013,May,9,16,Accidentelle,NA,48.7388,-3.0965,78.0
124,17110,ClÃ©rac,90000,2013,Jun,3,13,Accidentelle,NA,45.1734,-0.2376,66.0
125,12275,Tauriac-de-CamarÃ¨s,120000,2013,Jul,13,13,Involontaire,travaux,43.7764,3.0307,435.0
126,43220,Saint-PrÃ©jet-d'Allier,124000,2013,Sep,4,14,Involontaire,particulier,44.9181,3.6199,593.0
127,65066,Barrancoueu,500000,2013,Apr,14,14,Involontaire,travaux,42.91,0.3249,767.0
128,82038,Caylus,70000,2013,Apr,17,16,Accidentelle,NA,44.2475,1.767,220.0
129,33230,Lapouyade,344800,2013,Mar,4,15,Involontaire,travaux,45.1094,-0.2854,66.0
130,24263,Mazeyrolles,220000,2013,Mar,5,14,Accidentelle,NA,44.6721,0.996,189.0
131,34305,Le SouliÃ©,104300,2013,Apr,25,15,Involontaire,travaux,43.5397,2.6862,930.0
132,2B034,BelgodÃ¨re,60000,2013,Jun,23,16,Involontaire,particulier,42.6085,9.0196,844.0
133,2B350,Vignale,60000,2013,Jun,29,14,Malveillance,NA,42.539,9.3997,70.0
134,66048,CerbÃ¨re,300000,2013,Feb,3,16,Accidentelle,NA,42.4471,3.1493,72.0
135,4023,Bayons,153000,2013,Mar,4,0,Involontaire,travaux,44.3233,6.1832,886.0
136,4023,Bayons,87000,2013,Mar,4,0,Involontaire,travaux,44.3233,6.1832,886.0
137,2B167,Montegrosso,175800,2013,Jul,12,11,Malveillance,NA,42.5445,8.8542,450.0
138,30032,Beaucaire,72745,2013,Jul,17,13,Accidentelle,NA,43.7815,4.5912,18.0
139,2B185,Oletta,118300,2013,Jul,25,11,Malveillance,NA,42.6451,9.3453,54.0
140,34218,Prades-sur-Vernazobre,58000,2013,Jul,25,10,Involontaire,travaux,43.459,2.9747,130.0
141,2B123,Ghisonaccia,60000,2013,Aug,2,15,Malveillance,NA,42.0454,9.4192,61.0
142,2B185,Oletta,144800,2013,Aug,4,12,Malveillance,NA,42.6451,9.3453,54.0
143,30032,Beaucaire,62659,2013,Jul,23,21,Malveillance,NA,43.7815,4.5912,18.0
144,11122,Douzens,153000,2013,Aug,9,16,Involontaire,particulier,43.1757,2.6096,130.0
145,66186,Saint-Nazaire,70000,2013,Aug,10,13,Malveillance,NA,42.6619,2.9895,13.0
146,2B123,Ghisonaccia,60000,2013,Aug,20,12,Malveillance,NA,42.0454,9.4192,61.0
147,2B350,Vignale,557600,2013,Aug,20,11,Malveillance,NA,42.539,9.3997,70.0
148,2B205,Patrimonio,99200,2013,Aug,25,16,Involontaire,travaux,42.7092,9.3647,300.0
149,34323,Valmascle,65200,2013,Aug,27,18,Malveillance,NA,43.5999,3.3003,200.0
150,30033,Beauvoisin,146571,2013,Sep,1,10,Malveillance,NA,43.6896,4.3222,24.0
151,34147,Magalas,78000,2013,Sep,1,16,Involontaire,particulier,43.4778,3.2216,93.0
152,2B337,Valle-di-Rostino,230500,2013,Sep,4,14,Malveillance,NA,42.46,9.2592,198.0
153,66205,Tautavel,190000,2013,Aug,24,17,Malveillance,NA,42.8163,2.7161,182.0
154,2B187,Olmeta-di-Capocorso,50000,2013,Sep,13,12,Malveillance,NA,42.7643,9.379,140.0
155,2B143,Linguizzetta,80000,2013,Sep,14,18,Malveillance,NA,42.2144,9.5015,78.0
156,2B185,Oletta,111400,2013,Sep,17,7,Malveillance,NA,42.6451,9.3453,54.0
157,2B298,Saint-Florent,50000,2013,Sep,17,7,Malveillance,NA,42.6889,9.2797,300.0
158,2B185,Oletta,60000,2013,Sep,17,11,Malveillance,NA,42.6451,9.3453,54.0
159,34281,Saint-Pargoire,681500,2013,Sep,20,5,Malveillance,NA,43.5268,3.5416,38.0
160,7334,Les Vans,300000,2013,Sep,19,15,Involontaire,travaux,44.3884,4.1145,275.0
161,34026,Beaufort,220000,2013,Sep,19,18,Malveillance,NA,43.3032,2.7705,86.0
162,66145,Ponteilla,70000,2013,Sep,20,3,Involontaire,particulier,42.6347,2.8288,80.0
163,11262,Narbonne,916000,2013,Sep,19,12,Accidentelle,NA,43.1493,3.0336,13.0
164,2B188,Olmeta-di-Tuda,87000,2013,Oct,1,11,Malveillance,NA,42.6095,9.3612,54.0
165,2B287,Sorio,560000,2013,Oct,4,10,Malveillance,NA,42.5781,9.2449,480.0
166,66016,Banyuls-sur-Mer,50000,2013,Oct,9,10,Involontaire,travaux,42.4602,3.1015,72.0
167,2B167,Montegrosso,60000,2013,Oct,11,16,Involontaire,particulier,42.5445,8.8542,450.0
168,66136,Perpignan,60000,2013,Oct,23,14,Malveillance,NA,42.699,2.9045,42.0
169,13002,Allauch,114000,2013,Oct,22,19,Malveillance,NA,43.3522,5.5103,143.0
170,2B049,Calenzana,384300,2013,Nov,3,12,Malveillance,NA,42.4736,8.7863,547.0
171,2B184,Olcani,156900,2013,Nov,7,17,Involontaire,travaux,42.8074,9.3861,140.0
172,2B043,Brando,191200,2013,Nov,9,20,Accidentelle,NA,42.7771,9.4527,111.0
173,11269,Ouveillan,51800,2013,Mar,15,10,Involontaire,particulier,43.2926,2.9687,31.0
174,34289,Saint-ThibÃ©ry,78400,2013,Nov,14,14,Malveillance,NA,43.3931,3.3939,40.0
175,34168,Montesquieu,54000,2013,Nov,30,7,Malveillance,NA,43.5637,3.2708,122.0
176,6153,Valdeblore,57500,2013,Dec,13,14,Malveillance,NA,44.1152,7.1949,1058.0
177,13065,MouriÃ¨s,63000,2013,Dec,6,18,Accidentelle,NA,43.7053,4.8781,12.0
178,2B188,Olmeta-di-Tuda,70000,2013,Dec,31,14,Malveillance,NA,42.6095,9.3612,54.0
179,83140,Tourves,110000,2013,Apr,13,14,Involontaire,particulier,43.4108,5.9281,300.0
180,4217,Thoard,135600,2013,Mar,4,13,Involontaire,travaux,44.1495,6.1258,1070.0
181,66080,FontpÃ©drouse,50000,2013,Apr,23,11,Involontaire,travaux,42.4718,2.202,1330.0
182,65352,Ouzous,150000,2014,Mar,20,14,Involontaire,travaux,43.0359,-0.1042,446.0
183,15251,VÃ©drines-Saint-Loup,60000,2014,Mar,20,17,Accidentelle,NA,45.0518,3.2672,1134.0
184,15149,Paulhenc,60000,2014,Mar,20,19,Involontaire,travaux,44.8808,2.814,930.0
185,41018,Blois,50000,2014,Sep,11,19,Malveillance,NA,47.5813,1.3049,73.0
186,33095,Captieux,270000,2014,Aug,8,15,Naturelle,NA,44.2621,-0.2981,96.0
187,33095,Captieux,1000000,2014,Apr,23,16,Involontaire,particulier,44.2621,-0.2981,96.0
188,33212,Labescau,60000,2014,Mar,11,12,Involontaire,particulier,44.4511,-0.0812,114.0
189,40046,Biscarrosse,105000,2014,Oct,2,14,Involontaire,travaux,44.4077,-1.1523,35.0
190,40244,RiviÃ¨re-Saas-et-Gourby,280000,2014,Jun,28,15,Involontaire,particulier,43.6963,-1.1756,26.0
191,6074,Lantosque,700300,2014,Mar,17,10,Malveillance,NA,43.9787,7.3121,485.0
192,6082,Massoins,172200,2014,Apr,9,13,Involontaire,particulier,43.9552,7.1305,630.0
193,30105,Dourbies,119728,2014,Apr,7,23,Malveillance,NA,44.0664,3.4956,1107.0
194,4097,La Javie,52000,2014,Mar,18,14,Involontaire,travaux,44.197,6.3183,920.0
195,66190,Salses-le-ChÃ¢teau,200000,2014,Feb,13,19,Involontaire,particulier,42.8359,2.9134,7.0
196,34061,Causses-et-Veyran,105000,2014,Mar,30,12,Involontaire,travaux,43.4656,3.0897,140.0
197,34158,Minerve,60000,2014,Mar,15,8,Malveillance,NA,43.3624,2.7166,372.0
198,34045,CabriÃ¨res,81600,2014,Apr,29,12,Involontaire,particulier,43.5779,3.3473,200.0
199,30091,CongÃ©nies,294471,2014,May,13,14,Malveillance,NA,43.7752,4.1583,41.0
200,34170,Montouliers,92000,2014,Feb,23,14,Involontaire,particulier,43.3356,2.9068,31.0
201,11296,Pouzols-Minervois,50714,2014,May,30,12,Involontaire,particulier,43.2858,2.8158,80.0
202,2B030,Barrettali,196367,2014,May,24,16,Malveillance,NA,42.8732,9.3611,354.0
203,2B183,Ogliastro,305959,2014,Jun,4,13,Malveillance,NA,42.8216,9.3566,140.0
204,66190,Salses-le-ChÃ¢teau,60000,2014,Jun,14,16,Involontaire,particulier,42.8359,2.9134,7.0
205,2B034,BelgodÃ¨re,184082,2014,Jun,20,16,Involontaire,travaux,42.6085,9.0196,844.0
206,11351,Saint-Laurent-de-la-Cabrerisse,57902,2014,Jun,29,14,Involontaire,particulier,43.0851,2.7156,185.0
207,2B314,Santo-Pietro-di-Tenda,683810,2014,Jul,3,15,Involontaire,travaux,42.6677,9.1995,480.0
208,2B314,Santo-Pietro-di-Tenda,352974,2014,Jul,5,14,Involontaire,travaux,42.6677,9.1995,480.0
209,34178,Murviel-lÃ¨s-BÃ©ziers,77000,2014,May,14,14,Involontaire,particulier,43.4597,3.1362,140.0
210,34025,Bassan,51000,2014,May,29,16,Involontaire,travaux,43.4093,3.2563,50.0
211,2A272,SartÃ¨ne,90000,2014,Jun,28,14,Involontaire,travaux,41.5752,8.9326,62.0
212,2A048,Calcatoggio,280000,2014,Jun,28,14,Malveillance,NA,42.0305,8.7307,317.0
213,2B037,Biguglia,140500,2014,Jul,22,13,Involontaire,particulier,42.6133,9.4402,37.0
214,34302,Siran,122700,2014,Aug,1,16,Malveillance,NA,43.3298,2.6641,131.0
215,7322,Thueyts,60000,2014,Mar,12,16,Malveillance,NA,44.6727,4.2107,420.0
216,2B170,Morsiglia,60000,2014,Mar,10,12,Malveillance,NA,42.9363,9.3742,190.0
217,2B316,Santa-Reparata-di-Balagna,95770,2014,Aug,15,8,Malveillance,NA,42.6038,8.9332,296.0
218,34113,Gigean,365000,2014,Jul,31,16,Involontaire,particulier,43.4953,3.7242,34.0
219,7003,Aizac,50000,2014,Mar,13,14,Involontaire,particulier,44.719,4.3335,428.0
220,34123,Juvignac,605000,2014,May,13,11,Involontaire,particulier,43.6173,3.7908,100.0
221,2A269,Sari-Solenzara,330000,2014,Aug,15,16,Involontaire,particulier,41.8163,9.3396,397.0
222,34341,Villeveyrac,68000,2014,Aug,23,21,Malveillance,NA,43.4956,3.5931,34.0
223,2B283,Solaro,304678,2014,Aug,15,16,Involontaire,particulier,41.8789,9.3181,397.0
224,34302,Siran,195800,2014,Aug,29,12,Malveillance,NA,43.3298,2.6641,131.0
225,34116,Grabels,70000,2014,Aug,28,17,Malveillance,NA,43.6503,3.7894,100.0
226,34074,Cessenon-sur-Orb,230000,2014,Aug,27,12,Involontaire,particulier,43.4533,3.0363,97.0
227,2B123,Ghisonaccia,847798,2014,Aug,15,16,Malveillance,NA,42.0454,9.4192,61.0
228,11260,Mouthoumet,50700,2014,Sep,1,14,Malveillance,NA,42.9631,2.5315,538.0
229,34313,Tressan,52000,2014,Sep,6,15,Involontaire,particulier,43.5718,3.487,46.0
230,2A048,Calcatoggio,61000,2014,Aug,30,13,Malveillance,NA,42.0305,8.7307,317.0
231,2A139,Lecci,930000,2014,Sep,1,2,Malveillance,NA,41.6594,9.3102,88.0
232,2B079,Castello-di-Rostino,174142,2014,Sep,13,11,Malveillance,NA,42.4732,9.2967,499.0
233,66108,Millas,200000,2014,Sep,17,17,Involontaire,travaux,42.6966,2.6865,103.0
234,34226,Quarante,130000,2014,Sep,26,13,Involontaire,particulier,43.353,2.9881,130.0
235,2A254,Quenza,160000,2014,Sep,27,12,Malveillance,NA,41.7948,9.2156,1212.0
236,2A004,Ajaccio,109000,2014,Sep,28,18,Malveillance,NA,41.9228,8.7058,86.0
237,2B049,Calenzana,69664,2014,Oct,5,18,Malveillance,NA,42.4736,8.7863,547.0
238,2B287,Sorio,98454,2014,Oct,10,12,Malveillance,NA,42.5781,9.2449,480.0
239,7210,Saint-AndÃ©ol-de-Vals,300000,2014,Mar,19,11,Involontaire,travaux,44.6976,4.4015,600.0
240,34225,Puisserguier,58000,2014,Oct,24,3,Malveillance,NA,43.379,3.056,83.0
241,66072,Estavar,100000,2014,Mar,19,15,Involontaire,travaux,42.4764,2.0121,1600.0
242,6132,Saorge,78900,2014,Dec,29,5,Malveillance,NA,43.9935,7.5403,425.0
243,6013,BelvÃ©dÃ¨re,77400,2014,Mar,19,15,Malveillance,NA,44.0615,7.3612,625.0
244,48172,Saint-Maurice-de-Ventalon,172000,2014,Mar,18,14,Involontaire,travaux,44.3167,3.8333,1000.0
245,34045,CabriÃ¨res,75000,2014,Mar,8,16,Involontaire,travaux,43.5779,3.3473,200.0
246,34190,Oupia,77800,2014,Mar,15,20,Malveillance,NA,43.2897,2.7791,86.0
247,12094,Entraygues-sur-TruyÃ¨re,60000,2015,Feb,10,14,Involontaire,particulier,44.6604,2.5853,239.0
248,12226,Saint-Hippolyte,50000,2015,Mar,11,13,Involontaire,particulier,44.7319,2.5769,239.0
249,39086,Cernon,50000,2015,Apr,12,13,Accidentelle,NA,46.4097,5.6447,320.0
250,81004,Albi,110000,2015,Jul,3,13,Naturelle,NA,43.929,2.1323,321.0
251,79280,Saint-Maurice-la-Fougereuse,208000,2015,Jul,11,18,Involontaire,travaux,47.0343,-0.5281,128.0
252,73019,Argentine,190000,2015,Apr,9,16,Involontaire,travaux,45.4939,6.3341,419.0
253,54305,Lay-Saint-Christophe,120000,2015,Apr,19,13,Malveillance,NA,48.7516,6.1924,213.0
254,54490,Saizerais,270000,2015,Jul,23,15,Involontaire,travaux,48.7891,6.0386,213.0
255,79168,Massais,140300,2015,Aug,19,12,Involontaire,travaux,47.0167,-0.35,128.0
256,45092,Chevillon-sur-Huillard,110000,2015,Aug,2,18,Malveillance,NA,47.9679,2.6232,99.0
257,35152,LiffrÃ©,60000,2015,Mar,23,14,Involontaire,travaux,48.2025,-1.5064,53.0
258,3004,Andelaroche,281000,2015,Jul,16,15,Involontaire,travaux,46.248,3.74,450.0
259,73211,Queige,150000,2015,Jul,7,12,Malveillance,NA,45.7091,6.4657,500.0
260,97417,Saint-Philippe,164000,2015,Oct,23,12,Naturelle,NA,-21.3084,55.7436,91.0
261,45032,Le Bignon-Mirabeau,310000,2015,Jul,16,14,Involontaire,travaux,48.1473,2.9319,107.0
262,3006,Arfeuilles,50000,2015,Jul,17,17,Involontaire,particulier,46.1468,3.7388,823.0
263,3217,Saint-Angel,91300,2015,Jul,21,15,Involontaire,travaux,46.3558,2.6957,275.0
264,33300,Naujac-sur-Mer,190000,2015,Jul,25,16,Malveillance,NA,45.2596,-1.0643,14.0
265,33422,Saint-Jean-d'Illac,67000,2015,Apr,25,9,Accidentelle,NA,44.7973,-0.8156,60.0
266,33238,LÃ©ognan,70000,2015,Apr,11,6,Accidentelle,NA,44.7236,-0.6172,65.0
267,33229,Lanton,50000,2015,Jul,2,7,Naturelle,NA,44.7719,-0.9799,7.0
268,33104,Castelnau-de-MÃ©doc,680000,2015,Mar,17,16,Accidentelle,NA,45.0033,-0.8162,20.0
269,40332,Ychoux,90000,2015,Jul,28,14,Involontaire,particulier,44.3545,-0.9643,66.0
270,40167,Luxey,220000,2015,Apr,30,16,Involontaire,travaux,44.2382,-0.5061,89.0
271,40149,Lencouacq,58000,2015,Apr,15,12,Involontaire,particulier,44.1482,-0.3856,127.0
272,41043,ChÃ¢tillon-sur-Cher,70000,2015,Jul,1,14,Naturelle,NA,47.2895,1.4812,92.0
273,41130,Maves,110000,2015,Jul,16,16,Naturelle,NA,47.7429,1.3572,126.0
274,41186,Rahart,50000,2015,Jul,22,14,Naturelle,NA,47.8737,1.0613,115.0
275,41087,Fontaine-les-Coteaux,80000,2015,Jul,10,12,Naturelle,NA,47.7976,0.8316,73.0
276,42326,VÃ©ranne,230000,2015,Aug,31,13,Malveillance,NA,45.3724,4.634,1370.0
277,2B123,Ghisonaccia,103518,2015,Jun,3,14,Involontaire,particulier,42.0454,9.4192,61.0
278,11170,Gruissan,105836,2015,Jun,7,15,Involontaire,particulier,43.1042,3.0871,0.0
279,2B320,Tallone,322164,2015,Jun,14,14,Malveillance,NA,42.1897,9.4697,78.0
280,34286,Saint-Privat,184500,2015,Jun,28,15,Involontaire,particulier,43.7535,3.4285,620.0
281,34319,Vailhan,710000,2015,Jul,2,11,Involontaire,particulier,43.558,3.2958,122.0
282,2B185,Oletta,230000,2015,Jul,1,11,Malveillance,NA,42.6451,9.3453,54.0
283,2B201,Pancheraccia,62321,2015,Jul,2,12,Involontaire,travaux,42.1891,9.4093,685.0
284,7323,Toulaud,151000,2015,Jul,7,2,Malveillance,NA,44.9009,4.7942,112.0
285,11315,Rieux-Minervois,85400,2015,Jun,27,10,Malveillance,NA,43.2667,2.5906,125.0
286,11386,Talairan,54934,2015,Jul,8,4,Malveillance,NA,43.0204,2.6654,320.0
287,2B143,Linguizzetta,100350,2015,Jul,7,13,Malveillance,NA,42.2144,9.5015,78.0
288,11009,Alzonne,163000,2015,Jul,10,15,Involontaire,travaux,43.2646,2.1665,134.0
289,7258,Saint-Julien-Vocance,50000,2015,Jul,14,22,Malveillance,NA,45.1676,4.4897,1090.0
290,84129,Sorgues,250000,2015,Jul,12,18,Malveillance,NA,44.016,4.8555,20.0
291,2B079,Castello-di-Rostino,125400,2015,Jul,10,12,Malveillance,NA,42.4732,9.2967,499.0
292,11259,Moussoulens,299200,2015,Jul,13,14,Involontaire,particulier,43.2847,2.2343,280.0
293,2B059,Canavaggia,52292,2015,Jul,19,16,Malveillance,NA,42.4987,9.2341,240.0
294,26318,Saint-May,60000,2015,Jul,11,14,Involontaire,particulier,44.4243,5.3272,556.0
295,34103,FontÃ¨s,86200,2015,Jul,12,2,Malveillance,NA,43.5414,3.3881,40.0
296,34003,Agde,70000,2015,Jul,19,18,Involontaire,particulier,43.3084,3.4839,2.0
297,34019,AvÃ¨ne,60150,2015,Jul,20,12,Involontaire,travaux,43.7513,3.1107,435.0
298,34181,NeffiÃ¨s,92500,2015,Feb,23,16,Malveillance,NA,43.5381,3.3363,122.0
299,2B095,Corscia,113588,2015,Jul,28,1,Malveillance,NA,42.3627,9.0453,1063.0
300,2B290,Speloncato,488130,2015,Jul,25,22,Malveillance,NA,42.5757,8.9731,844.0
301,2B185,Oletta,78800,2015,Jul,27,11,Malveillance,NA,42.6451,9.3453,54.0
302,2B361,Zilia,322405,2015,Jul,30,10,Accidentelle,NA,42.5181,8.8989,450.0
303,34237,Roujan,78000,2015,Jul,25,12,Accidentelle,NA,43.5119,3.3082,73.0
304,30231,Saint-AndrÃ©-de-Valborgne,934600,2015,Jul,30,15,Malveillance,NA,44.15,3.6998,450.0
305,48122,QuÃ©zac,56500,2015,Jul,1,8,Involontaire,travaux,44.3667,3.5333,618.0
306,48074,Hures-la-Parade,161000,2015,Jul,31,15,Involontaire,travaux,44.2479,3.3851,1054.0
307,34242,Saint-Bauzille-de-Montmel,590000,2015,Aug,8,14,Accidentelle,NA,43.7762,3.9434,160.0
308,83061,FrÃ©jus,167300,2015,Jul,27,13,Malveillance,NA,43.4553,6.7848,18.0
309,66076,Felluns,50000,2015,Jun,25,16,Involontaire,particulier,42.7613,2.4877,515.0
310,66205,Tautavel,80000,2015,Jul,14,16,Malveillance,NA,42.8163,2.7161,182.0
311,66215,TrÃ©villach,350000,2015,Jul,20,16,Malveillance,NA,42.7091,2.5105,251.0
312,66058,Corneilla-la-RiviÃ¨re,270000,2015,Jul,21,11,Accidentelle,NA,42.7098,2.7247,103.0
313,66136,Perpignan,50000,2015,Jul,28,17,Malveillance,NA,42.699,2.9045,42.0
314,66205,Tautavel,60000,2015,Jul,29,17,Malveillance,NA,42.8163,2.7161,182.0
315,84147,Villelaure,70000,2015,Aug,6,19,Involontaire,particulier,43.7066,5.4266,70.0
316,2B080,Castifao,56360,2015,Aug,8,15,Malveillance,NA,42.5308,9.1339,560.0
317,34302,Siran,185000,2015,Aug,12,13,Malveillance,NA,43.3298,2.6641,131.0
318,66030,Calce,82600,2015,Aug,19,14,Malveillance,NA,42.7477,2.7545,182.0
319,13005,Aubagne,92700,2015,Aug,17,16,Malveillance,NA,43.2904,5.5643,105.0
320,2A038,Bilia,50400,2015,Aug,7,13,Malveillance,NA,41.6222,8.9048,5.0
321,66215,TrÃ©villach,200000,2015,Aug,20,13,Malveillance,NA,42.7091,2.5105,251.0
322,34020,Azillanet,61000,2015,Aug,19,18,Malveillance,NA,43.3263,2.7475,86.0
323,2B341,Venaco,480000,2015,Aug,17,14,Involontaire,particulier,42.2129,9.1455,630.0
324,66008,ArgelÃ¨s-sur-Mer,141500,2015,Jun,26,18,Accidentelle,NA,42.53,3.0232,5.0
325,11198,Laure-Minervois,58800,2015,Aug,18,19,Accidentelle,NA,43.2678,2.5144,125.0
326,11022,Azille,250700,2015,Aug,26,15,Malveillance,NA,43.2763,2.6581,131.0
327,66127,Opoul-PÃ©rillos,80000,2015,Sep,1,23,Involontaire,particulier,42.8817,2.8601,120.0
328,2B355,Volpajola,194784,2015,Sep,5,13,Malveillance,NA,42.5237,9.3699,70.0
329,11016,Arquettes-en-Val,187100,2015,Sep,11,12,Malveillance,NA,43.1061,2.4938,240.0
330,66014,Baixas,80000,2015,Mar,13,12,Involontaire,travaux,42.744,2.8079,42.0
331,30009,Alzon,90800,2015,Mar,7,7,Involontaire,travaux,43.974,3.4466,800.0
332,30009,Alzon,61500,2015,Mar,9,19,Involontaire,travaux,43.974,3.4466,800.0
333,2B096,Corte,115000,2015,Sep,26,16,Malveillance,NA,42.2737,9.0691,1372.0
334,11018,Arzens,52900,2015,Sep,25,16,Malveillance,NA,43.1968,2.2082,130.0
335,6162,La Brigue,217500,2015,Mar,12,9,Involontaire,travaux,44.0897,7.6496,792.0
336,11285,Peyriac-de-Mer,55873,2015,Oct,16,14,Accidentelle,NA,43.0899,2.9547,13.0
337,11276,Paziols,50802,2015,Oct,16,15,Involontaire,travaux,42.8552,2.7135,182.0
338,34339,Villespassans,121500,2015,Jan,11,14,Malveillance,NA,43.3812,2.9161,219.0
339,7112,Labastide-sur-BÃ©sorgues,380000,2015,Nov,20,13,Involontaire,particulier,44.7514,4.2994,952.0
340,2A031,Bastelica,339000,2015,Aug,30,12,Malveillance,NA,41.9781,9.0553,661.0
341,48116,Le Pont-de-Montvert,648000,2015,Mar,11,12,Involontaire,travaux,44.3684,3.7777,1000.0
342,48022,BÃ©douÃ¨s,138000,2015,Mar,9,13,Involontaire,travaux,44.35,3.6,618.0
343,4194,Saint-Pierre,204800,2015,Apr,1,12,Involontaire,particulier,43.9114,6.922,860.0
344,6074,Lantosque,178700,2015,Apr,2,12,Malveillance,NA,43.9787,7.3121,485.0
345,6103,RoquebilliÃ¨re,387400,2015,Apr,3,17,Malveillance,NA,44.0282,7.2885,625.0
346,7286,Saint-Pierreville,300000,2015,Apr,10,11,Involontaire,travaux,44.8242,4.4845,640.0
347,2B337,Valle-di-Rostino,53361,2015,Apr,13,13,Involontaire,travaux,42.46,9.2592,198.0
348,6074,Lantosque,73100,2015,Jan,4,12,Malveillance,NA,43.9787,7.3121,485.0
349,6074,Lantosque,82100,2015,Jan,12,18,Malveillance,NA,43.9787,7.3121,485.0
350,6132,Saorge,89200,2015,Apr,11,14,Malveillance,NA,43.9935,7.5403,425.0
351,6023,Breil-sur-Roya,59500,2015,Apr,11,15,Malveillance,NA,43.9379,7.4996,320.0
352,6103,RoquebilliÃ¨re,102300,2015,Apr,15,13,Malveillance,NA,44.0282,7.2885,625.0
353,26113,Die,73000,2015,Mar,13,13,Involontaire,particulier,44.7515,5.3878,396.0
354,12163,Murasson,200000,2016,Feb,21,18,Malveillance,NA,43.7606,2.7767,811.0
355,12082,Couvertoirade (La),70000,2016,Jul,19,9,Involontaire,travaux,43.9307,3.2848,729.0
356,12076,Conques-en-Rouergue,50000,2016,Aug,15,16,Accidentelle,NA,44.5817,2.3895,320.0
357,46183,Marcilhac-sur-CÃ©lÃ©,220000,2016,Aug,16,21,Naturelle,NA,44.5486,1.78,281.0
358,18219,Saint-Laurent,93300,2016,Aug,11,16,Accidentelle,NA,47.2434,2.1855,155.0
359,81066,CaucaliÃ¨res,800000,2016,Sep,5,15,Accidentelle,NA,43.5416,2.3141,198.0
360,58081,ColmÃ©ry,80000,2016,Aug,30,12,Malveillance,NA,47.346,3.2441,216.0
361,17038,Bedenac,104100,2016,Aug,16,18,Malveillance,NA,45.1799,-0.3109,66.0
362,17074,Bussac-ForÃªt,52600,2016,Sep,12,15,Malveillance,NA,45.1928,-0.3774,96.0
363,17110,ClÃ©rac,220000,2016,Sep,12,16,Malveillance,NA,45.1734,-0.2376,66.0
364,47234,Saint-Caprais-de-Lerm,50050,2016,Sep,13,19,Involontaire,travaux,44.2149,0.7544,140.0
365,33273,Martignas-sur-Jalle,80000,2016,Sep,8,15,Accidentelle,NA,44.8451,-0.8006,60.0
366,2B183,Ogliastro,60000,2016,Mar,31,12,Malveillance,NA,42.8216,9.3566,140.0
367,2B281,Sisco,200000,2016,Apr,2,18,Malveillance,NA,42.8152,9.4389,354.0
368,2B109,Farinole,50000,2016,Apr,1,21,Malveillance,NA,42.7306,9.363,300.0
369,6142,TouÃ«t-de-l'EscarÃ¨ne,107161,2016,Mar,26,14,Involontaire,particulier,43.8516,7.3799,843.0
370,48166,Cans et CÃ©vennes,104100,2016,Mar,26,14,Involontaire,particulier,44.2834,3.6443,903.0
371,48194,Vialas,151100,2016,Mar,26,14,Involontaire,travaux,44.3466,3.893,610.0
372,84034,Caumont-sur-Durance,200000,2016,Mar,23,12,Malveillance,NA,43.8813,4.955,54.0
373,6098,Puget-Rostang,60324,2016,Apr,12,10,Involontaire,particulier,44.0056,6.9333,860.0
374,6074,Lantosque,131743,2016,Apr,12,15,Malveillance,NA,43.9787,7.3121,485.0
375,2B159,Meria,83700,2016,Apr,18,19,Malveillance,NA,42.9179,9.4319,278.0
376,2B313,San-Nicolao,90000,2016,Apr,18,21,Malveillance,NA,42.3687,9.5069,14.0
377,34103,FontÃ¨s,140300,2016,Apr,19,13,Malveillance,NA,43.5414,3.3881,40.0
378,34004,Agel,142600,2016,May,5,12,Involontaire,particulier,43.3498,2.8544,219.0
379,7202,SabliÃ¨res,200000,2016,Mar,15,17,Involontaire,travaux,44.5451,4.0675,400.0
380,6074,Lantosque,62601,2016,May,28,22,Malveillance,NA,43.9787,7.3121,485.0
381,34166,Montblanc,425000,2016,Jun,27,15,Involontaire,particulier,43.3775,3.3569,15.0
382,11198,Laure-Minervois,140300,2016,Jun,30,17,Malveillance,NA,43.2678,2.5144,125.0
383,2B096,Corte,248000,2016,Jun,27,14,Involontaire,particulier,42.2737,9.0691,1372.0
384,66143,PlanÃ¨zes,600000,2016,Jun,21,16,Involontaire,travaux,42.7736,2.6215,167.0
385,66030,Calce,50000,2016,Jun,25,11,Malveillance,NA,42.7477,2.7545,182.0
386,66030,Calce,200000,2016,Jul,5,4,Accidentelle,NA,42.7477,2.7545,182.0
387,66140,PÃ©zilla-la-RiviÃ¨re,150000,2016,Jul,5,12,Accidentelle,NA,42.7089,2.76,110.0
388,11308,Raissac-sur-Lampy,144520,2016,Jul,7,12,Involontaire,travaux,43.2802,2.1614,134.0
389,11273,Paraza,185068,2016,Jul,14,21,Malveillance,NA,43.2561,2.8133,80.0
390,11099,Conques-sur-Orbiel,829689,2016,Jul,16,16,Accidentelle,NA,43.2815,2.38,120.0
391,83069,HyÃ¨res,73000,2016,Jul,14,18,Involontaire,particulier,43.1139,6.2357,6.0
392,83064,GarÃ©oult,75000,2016,Jul,15,16,Involontaire,particulier,43.3397,6.0426,189.0
393,2B143,Linguizzetta,80000,2016,Jul,15,17,Malveillance,NA,42.2144,9.5015,78.0
394,13026,ChÃ¢teauneuf-les-Martigues,1000000,2016,Jul,13,21,Malveillance,NA,43.3905,5.1465,9.0
395,13056,Martigues,460000,2016,Jul,15,19,Malveillance,NA,43.3839,5.0451,12.0
396,34032,BÃ©ziers,87000,2016,Jul,13,12,Involontaire,particulier,43.3481,3.2342,50.0
397,34225,Puisserguier,51500,2016,Jul,19,14,Accidentelle,NA,43.379,3.056,83.0
398,2B355,Volpajola,464200,2016,Jul,19,21,Malveillance,NA,42.5237,9.3699,70.0
399,66180,Saint-Laurent-de-la-Salanque,100000,2016,Jul,13,14,Involontaire,particulier,42.8073,2.9993,3.0
400,66071,Estagel,150000,2016,Jul,16,15,Malveillance,NA,42.7642,2.7077,182.0
401,11144,Fitou,121304,2016,Jul,17,19,Involontaire,particulier,42.8992,2.9572,42.0
402,48004,Altier,229000,2016,Apr,20,11,Involontaire,particulier,44.457,3.8559,900.0
403,11262,Narbonne,324079,2016,Jan,15,22,Malveillance,NA,43.1493,3.0336,13.0
404,34145,Lunel,51700,2016,Jun,27,14,Accidentelle,NA,43.678,4.1329,10.0
405,34163,Montarnaud,127500,2016,Jul,10,12,Involontaire,particulier,43.648,3.7053,100.0
406,11390,ThÃ©zan-des-CorbiÃ¨res,102861,2016,Feb,5,16,Involontaire,travaux,43.0947,2.7918,85.0
407,2B320,Tallone,51000,2016,Aug,2,11,Malveillance,NA,42.1897,9.4697,78.0
408,34148,Maraussan,101700,2016,Aug,5,14,Malveillance,NA,43.3733,3.154,26.0
409,2B009,AlÃ©ria,66000,2016,Aug,6,14,Malveillance,NA,42.0993,9.4972,41.0
410,2B185,Oletta,97300,2016,Aug,7,10,Malveillance,NA,42.6451,9.3453,54.0
411,66106,Maureillas-las-Illas,400000,2016,Jul,18,12,Involontaire,particulier,42.4635,2.7999,565.0
412,30181,Montmirat,52692,2016,Aug,10,13,Malveillance,NA,43.9062,4.121,108.0
413,30141,Laudun-l'Ardoise,102268,2016,Aug,11,16,Involontaire,travaux,44.1051,4.6615,43.0
414,11162,Generville,74533,2016,Aug,2,16,Involontaire,travaux,43.211,1.9309,302.0
415,34285,Saint-Pons-de-Mauchiens,287500,2016,Aug,10,16,Malveillance,NA,43.5102,3.5136,22.0
416,11022,Azille,90908,2016,Aug,10,20,Malveillance,NA,43.2763,2.6581,131.0
417,66164,Rivesaltes,500000,2016,Jul,27,14,Involontaire,particulier,42.7761,2.8769,42.0
418,66205,Tautavel,331900,2016,Aug,1,17,Malveillance,NA,42.8163,2.7161,182.0
419,66212,Torreilles,150000,2016,Aug,6,18,Malveillance,NA,42.757,3.0059,7.0
420,66008,ArgelÃ¨s-sur-Mer,50000,2016,Aug,13,15,Malveillance,NA,42.53,3.0232,5.0
421,11148,Fontcouverte,211482,2016,Aug,21,14,Accidentelle,NA,43.1693,2.6904,56.0
422,11361,Saint-Papoul,52980,2016,Aug,21,16,Involontaire,travaux,43.3376,2.0437,180.0
423,2B251,Prunelli-di-Fiumorbo,399600,2016,Aug,8,13,Malveillance,NA,42.0069,9.3749,82.0
424,13001,Aix-en-Provence,414600,2016,Aug,1,15,Malveillance,NA,43.536,5.3879,215.0
425,66030,Calce,90000,2016,Aug,22,8,Malveillance,NA,42.7477,2.7545,182.0
426,13056,Martigues,57600,2016,Aug,1,19,Malveillance,NA,43.3839,5.0451,12.0
427,13118,Coudoux,50900,2016,Aug,6,15,Involontaire,particulier,43.5587,5.2559,198.0
428,13097,Saint-Martin-de-Crau,166400,2016,Aug,6,22,Malveillance,NA,43.6074,4.8688,12.0
429,2B105,Erbajolo,80000,2016,Aug,24,10,Malveillance,NA,42.252,9.2642,179.0
430,2B238,Poggio-di-Venaco,340039,2016,Aug,24,11,Malveillance,NA,42.269,9.2048,350.0
431,2B009,AlÃ©ria,88000,2016,Aug,26,12,Malveillance,NA,42.0993,9.4972,41.0
432,2B096,Corte,784900,2016,Aug,22,14,Malveillance,NA,42.2737,9.0691,1372.0
433,2B148,Lucciana,100135,2016,Aug,25,14,Malveillance,NA,42.5393,9.465,37.0
434,2B116,Focicchia,263500,2016,Aug,25,14,Malveillance,NA,42.2472,9.2856,179.0
435,84030,Caromb,80000,2016,Aug,27,16,Malveillance,NA,44.11,5.1078,98.0
436,2B148,Lucciana,53500,2016,Aug,26,11,Involontaire,particulier,42.5393,9.465,37.0
437,34073,Cers,67600,2016,Sep,5,12,Accidentelle,NA,43.3314,3.3176,15.0
438,11286,Peyriac-Minervois,263087,2016,Sep,5,23,Malveillance,NA,43.2951,2.5714,125.0
439,11410,Villalier,107055,2016,Sep,7,15,Involontaire,particulier,43.2507,2.4191,120.0
440,66030,Calce,80000,2016,Sep,9,14,Malveillance,NA,42.7477,2.7545,182.0
441,34291,Saint-Vincent-d'Olargues,230800,2016,Sep,11,1,Malveillance,NA,43.558,2.8693,955.0
442,2B299,San-Gavino-d'Ampugnani,300000,2016,Jan,11,20,Involontaire,travaux,42.4173,9.4266,185.0
443,34055,Castanet-le-Haut,100000,2016,Sep,23,10,Involontaire,travaux,43.6771,2.95,424.0
444,34055,Castanet-le-Haut,55000,2016,Sep,24,8,Involontaire,travaux,43.6771,2.95,424.0
445,66048,CerbÃ¨re,150000,2016,Mar,8,13,Involontaire,travaux,42.4471,3.1493,72.0
446,66016,Banyuls-sur-Mer,77000,2016,Sep,24,15,Involontaire,particulier,42.4602,3.1015,72.0
447,2B140,Lento,98500,2016,Sep,28,12,Malveillance,NA,42.5259,9.2642,480.0
448,7018,Astet,240000,2016,Sep,24,22,Malveillance,NA,44.6841,4.0211,1230.0
449,66192,Sauto,80000,2016,Sep,28,14,Involontaire,particulier,42.5166,2.1461,1151.0
450,34235,Rosis,396200,2016,Oct,10,13,Malveillance,NA,43.6295,2.9989,900.0
451,5164,Savines-le-Lac,60000,2016,Dec,1,11,Involontaire,particulier,44.53,6.395,765.0
452,66190,Salses-le-ChÃ¢teau,535000,2016,Oct,11,11,Involontaire,travaux,42.8359,2.9134,7.0
453,6103,RoquebilliÃ¨re,323050,2016,Dec,29,13,Malveillance,NA,44.0282,7.2885,625.0
454,4193,Saint-Paul-sur-Ubaye,81000,2016,Dec,27,13,Involontaire,particulier,44.5647,6.8188,1908.0
455,30154,Mandagout,65079,2016,Mar,24,11,Involontaire,travaux,44.0257,3.6275,485.0
456,30169,Milhaud,85420,2016,Sep,8,11,Malveillance,NA,43.7831,4.3081,24.0
457,6049,Courmes,72200,2016,Mar,9,15,Malveillance,NA,43.7514,7.0196,985.0
458,43171,Saint-BÃ©rain,100000,2017,Feb,23,15,Involontaire,particulier,45.0271,3.6261,985.0
459,73235,Saint-FranÃ§ois-Longchamp,74700,2017,Feb,23,16,Involontaire,particulier,45.3959,6.3554,460.0
460,12168,Nant,100000,2017,Mar,16,13,Accidentelle,NA,44.0204,3.2887,794.0
461,43155,Prades,50000,2017,Aug,14,22,Involontaire,particulier,45.025,3.5972,985.0
462,81163,Mazamet,50000,2017,Aug,29,23,Malveillance,NA,43.4666,2.3863,718.0
463,16061,Brie,150000,2017,Jun,24,13,Involontaire,travaux,45.7329,0.2623,161.0
464,16255,Parzac,70500,2017,Jun,18,12,Involontaire,travaux,45.9264,0.4221,162.0
465,45015,Autruy-sur-Juine,150000,2017,Jul,21,13,Involontaire,travaux,48.2786,2.0961,127.0
466,97410,Saint-BenoÃ®t,50000,2017,Sep,16,9,Malveillance,NA,-21.0887,55.6312,850.0
467,31573,Verfeil,100000,2017,Jul,18,17,Accidentelle,NA,43.6579,1.6792,118.0
468,31085,Boutx,60000,2017,Jan,7,13,Involontaire,travaux,42.9169,0.7722,800.0
469,31222,Gouaux-de-Luchon,120000,2017,Apr,22,16,Accidentelle,NA,42.8501,0.644,500.0
470,15156,Prunet,60000,2017,Apr,8,16,Involontaire,travaux,44.8272,2.4647,762.0
471,15149,Paulhenc,60000,2017,Apr,16,12,Involontaire,travaux,44.8808,2.814,930.0
472,15113,Mandailles-Saint-Julien,100000,2017,Apr,24,16,Involontaire,travaux,45.0775,2.6649,1060.0
473,97415,Saint-Paul,96000,2017,Nov,3,4,Malveillance,NA,-21.0366,55.3402,1200.0
474,24465,Saint-Michel-de-Double,55000,2017,Apr,21,17,Involontaire,travaux,45.0977,0.2714,120.0
475,40167,Luxey,60000,2017,Feb,21,14,Involontaire,particulier,44.2382,-0.5061,89.0
476,65045,Aucun,300000,2017,Mar,17,13,Involontaire,travaux,42.986,-0.1986,1105.0
477,66069,Espira-de-l'Agly,100000,2017,Oct,12,12,Involontaire,travaux,42.7987,2.8231,42.0
478,66016,Banyuls-sur-Mer,200000,2017,Nov,6,11,Accidentelle,NA,42.4602,3.1015,72.0
479,2A019,Arbori,53000,2017,Apr,1,19,Malveillance,NA,42.123,8.7958,414.0
480,6146,Tournefort,151250,2017,Apr,7,13,Malveillance,NA,43.942,7.1596,630.0
481,2A041,Bonifacio,84300,2017,Sep,13,22,Accidentelle,NA,41.4217,9.1973,107.0
482,6077,LucÃ©ram,79300,2017,Jan,6,11,Involontaire,travaux,43.8997,7.3506,1420.0
483,7153,Mayres,213000,2017,Mar,21,17,Malveillance,NA,44.6646,4.1001,550.0
484,5038,ChÃ¢teau-Ville-Vieille,233900,2017,Apr,25,13,Malveillance,NA,44.7617,6.811,1825.0
485,26354,Treschenu-Creyers,55000,2017,Apr,24,12,Involontaire,particulier,44.7318,5.5412,1010.0
486,7141,LentillÃ¨res,124800,2017,Apr,15,20,Malveillance,NA,44.6071,4.2948,360.0
487,48165,Saint-Laurent-de-Muret,60400,2017,Feb,26,14,Involontaire,travaux,44.6001,3.1752,1150.0
488,48020,Bassurels,199000,2017,Feb,26,15,Involontaire,travaux,44.1627,3.6013,1042.0
489,30190,Notre-Dame-de-la-RouviÃ¨re,239135,2017,Apr,19,12,Involontaire,travaux,44.05,3.7,367.0
490,13039,Fos-sur-Mer,53000,2017,Jun,6,19,Malveillance,NA,43.4546,4.8979,1.0
491,34237,Roujan,185147,2017,Jun,11,10,Involontaire,particulier,43.5119,3.3082,73.0
492,6074,Lantosque,233030,2017,Jan,13,17,Malveillance,NA,43.9787,7.3121,485.0
493,6157,Vence,61220,2017,Jan,25,14,Involontaire,travaux,43.7373,7.0995,299.0
494,34103,FontÃ¨s,67435,2017,Jun,24,22,Malveillance,NA,43.5414,3.3881,40.0
495,34183,Nissan-lez-Enserune,80000,2017,Jun,25,12,Involontaire,particulier,43.282,3.1051,33.0
496,2B185,Oletta,75000,2017,Jun,24,11,Malveillance,NA,42.6451,9.3453,54.0
497,13039,Fos-sur-Mer,184270,2017,Jun,24,15,Malveillance,NA,43.4546,4.8979,1.0
498,34135,Lespignan,80000,2017,Jun,25,18,Accidentelle,NA,43.2737,3.1689,37.0
499,2B123,Ghisonaccia,280000,2017,Jun,28,16,Malveillance,NA,42.0454,9.4192,61.0
500,13098,Saint-Mitre-les-Remparts,143400,2017,Jun,30,16,Malveillance,NA,43.4565,5.0152,4.0
501,83101,Ramatuelle,156400,2017,Jun,7,13,Involontaire,travaux,43.2115,6.6449,31.0
502,4020,Barles,57500,2017,Feb,16,11,Involontaire,particulier,44.2815,6.2532,886.0
503,5101,Pelvoux,100300,2017,Jan,5,13,Involontaire,particulier,44.8646,6.4333,1270.0
504,6157,Vence,342850,2017,Jul,3,17,Accidentelle,NA,43.7373,7.0995,299.0
505,34214,Pouzolles,93500,2017,Jul,6,12,Malveillance,NA,43.478,3.2727,73.0
506,5108,Puy-Saint-EusÃ¨be,144800,2017,Feb,23,15,Involontaire,particulier,44.5667,6.4129,873.0
507,66053,Collioure,50000,2017,Jun,19,18,Involontaire,particulier,42.5087,3.0744,72.0
508,2B314,Santo-Pietro-di-Tenda,260000,2017,Jul,6,15,Accidentelle,NA,42.6677,9.1995,480.0
509,34031,Bessan,62000,2017,Jul,11,16,Malveillance,NA,43.3566,3.4141,20.0
510,2B079,Castello-di-Rostino,75000,2017,Jul,17,11,Malveillance,NA,42.4732,9.2967,499.0
511,2B290,Speloncato,62000,2017,Jul,17,13,Malveillance,NA,42.5757,8.9731,844.0
512,2B355,Volpajola,200000,2017,Jul,17,14,Involontaire,particulier,42.5237,9.3699,70.0
513,34013,Aspiran,71800,2017,Jul,13,11,Involontaire,travaux,43.5654,3.4499,40.0
514,4160,Reillanne,79300,2017,Jul,18,14,Involontaire,travaux,43.8884,5.6565,455.0
515,48100,Montbel,50000,2017,Jan,7,15,Involontaire,travaux,44.5992,3.7182,1080.0
516,6050,Coursegoules,80370,2017,Feb,21,14,Malveillance,NA,43.7898,7.0384,985.0
517,2A103,Cuttoli-Corticchiato,130000,2017,Jun,22,14,Involontaire,particulier,41.9776,8.884,600.0
518,2A198,Ota,50000,2017,Jul,8,10,Malveillance,NA,42.2537,8.7362,28.0
519,2A323,Tavaco,210000,2017,Jul,8,12,Malveillance,NA,42.0327,8.8873,433.0
520,6156,Venanson,99010,2017,Feb,26,10,Involontaire,particulier,44.0412,7.2386,1130.0
521,2A215,Pianottoli-Caldarello,51400,2017,Jul,16,13,Accidentelle,NA,41.5209,9.0456,100.0
522,2B009,AlÃ©ria,613700,2017,Jul,24,10,Malveillance,NA,42.0993,9.4972,41.0
523,2B143,Linguizzetta,382800,2017,Jul,24,16,Malveillance,NA,42.2144,9.5015,78.0
524,13072,Peynier,964000,2017,Jul,26,10,Involontaire,particulier,43.4375,5.6204,201.0
525,6034,Castagniers,906980,2017,Jul,17,14,Involontaire,particulier,43.79,7.2298,78.0
526,6130,Saint-Vallier-de-Thiey,154930,2017,Jul,24,15,Malveillance,NA,43.6994,6.8516,708.0
527,30189,NÃ®mes,103558,2017,Jul,25,14,Malveillance,NA,43.8322,4.3429,39.0
528,30351,Villeneuve-lÃ¨s-Avignon,174628,2017,Jul,26,14,Malveillance,NA,43.9776,4.792,20.0
529,4020,Barles,577600,2017,Feb,25,13,Involontaire,particulier,44.2815,6.2532,886.0
530,4218,Thorame-Basse,84100,2017,Feb,25,16,Involontaire,travaux,44.1019,6.4854,968.0
531,34166,Montblanc,119550,2017,Jul,24,12,Malveillance,NA,43.3775,3.3569,15.0
532,66138,Peyrestortes,70000,2017,Jul,17,14,Malveillance,NA,42.7484,2.8471,42.0
533,66024,Boulou (Le),60000,2017,Jul,18,17,Involontaire,particulier,42.5267,2.8328,148.0
534,13047,Istres,58200,2017,Jul,31,15,Malveillance,NA,43.5455,4.9476,1.0
535,34116,Grabels,68876,2017,Jul,28,14,Malveillance,NA,43.6503,3.7894,100.0
536,13001,Aix-en-Provence,138100,2017,Aug,1,14,Involontaire,particulier,43.536,5.3879,215.0
537,13047,Istres,725200,2017,Aug,1,14,Malveillance,NA,43.5455,4.9476,1.0
538,26022,Ballons,120000,2017,Jul,17,15,Involontaire,travaux,44.2476,5.6478,660.0
539,2A249,Propriano,160000,2017,Jul,25,10,Malveillance,NA,41.651,8.89,5.0
540,2A017,Appietto,610000,2017,Aug,2,12,Malveillance,NA,41.9965,8.7311,317.0
541,2A001,Afa,57635,2017,Aug,2,13,Malveillance,NA,41.981,8.7975,235.0
542,2A004,Ajaccio,50000,2017,Aug,4,11,Involontaire,particulier,41.9228,8.7058,86.0
543,34181,NeffiÃ¨s,57370,2017,Aug,5,17,Involontaire,particulier,43.5381,3.3363,122.0
544,66130,OssÃ©ja,50000,2017,Feb,16,16,Involontaire,travaux,42.3923,2.0006,1446.0
545,66003,AmÃ©lie-les-Bains-Palalda,50000,2017,Feb,22,14,Malveillance,NA,42.4508,2.687,252.0
546,83119,Saint-Tropez,70000,2017,Jul,24,21,Involontaire,particulier,43.2619,6.6638,31.0
547,13077,Port-de-Bouc,336300,2017,Aug,10,18,Malveillance,NA,43.4207,4.9993,4.0
548,2B123,Ghisonaccia,150000,2017,Mar,7,12,Malveillance,NA,42.0454,9.4192,61.0
549,30081,Chusclan,194649,2017,Aug,12,12,Involontaire,travaux,44.1549,4.6902,63.0
550,6101,Rigaud,89033,2017,Aug,3,11,Involontaire,travaux,43.9942,6.976,860.0
551,30258,Saint-Gilles,100000,2017,Aug,15,16,Involontaire,travaux,43.6606,4.4128,94.0
552,2B277,Serra-di-Fiumorbo,50000,2017,Aug,11,11,Malveillance,NA,41.9668,9.3353,198.0
553,7251,Saint-Joseph-des-Bancs,96000,2017,Jan,7,15,Malveillance,NA,44.7515,4.4147,500.0
554,34076,Ceyras,74920,2017,Aug,20,19,Malveillance,NA,43.6512,3.4628,110.0
555,4024,Beaujeu,216100,2017,Feb,22,15,Involontaire,travaux,44.2144,6.3714,920.0
556,2B039,Bisinchi,108333,2017,Aug,21,12,Malveillance,NA,42.4816,9.3137,499.0
557,4171,Rougon,135600,2017,Aug,11,8,Accidentelle,NA,43.7866,6.3951,1110.0
558,84084,Motte-d'Aigues (La),660000,2017,Aug,11,17,Malveillance,NA,43.7817,5.5237,250.0
559,84050,Gordes,180300,2017,Aug,13,16,Accidentelle,NA,43.9074,5.204,488.0
560,34341,Villeveyrac,52321,2017,Jan,21,23,Involontaire,travaux,43.4956,3.5931,34.0
561,4070,Digne-les-Bains,115700,2017,Aug,23,16,Malveillance,NA,44.0954,6.2495,595.0
562,30105,Dourbies,100000,2017,Aug,29,12,Malveillance,NA,44.0664,3.4956,1107.0
563,83061,FrÃ©jus,347000,2017,Sep,1,16,Involontaire,particulier,43.4553,6.7848,18.0
564,2B292,Sant'AndrÃ©a-di-Bozio,210500,2017,Sep,2,12,Malveillance,NA,42.2767,9.2792,179.0
565,2B292,Sant'AndrÃ©a-di-Bozio,255700,2017,Sep,2,12,Malveillance,NA,42.2767,9.2792,179.0
566,2B143,Linguizzetta,400000,2017,Sep,2,16,Malveillance,NA,42.2144,9.5015,78.0
567,13073,Peypin,108900,2017,Sep,3,1,Malveillance,NA,43.3834,5.57,201.0
568,34096,FaugÃ¨res,70466,2017,Sep,2,1,Malveillance,NA,43.5665,3.174,184.0
569,7086,Ã‰tables,80000,2017,Aug,26,17,Involontaire,travaux,45.094,4.7381,160.0
570,26116,DonzÃ¨re,71000,2017,Sep,6,14,Involontaire,travaux,44.4347,4.71,90.0
571,2A345,Vero,77000,2017,Aug,17,14,Malveillance,NA,42.0576,8.9198,291.0
572,2A139,Lecci,110400,2017,Aug,20,3,Malveillance,NA,41.6594,9.3102,88.0
573,34181,NeffiÃ¨s,437143,2017,Sep,6,18,Malveillance,NA,43.5381,3.3363,122.0
574,13055,Marseille,55000,2017,Jul,24,15,Malveillance,NA,43.2803,5.3806,1.0
575,6050,Coursegoules,54150,2017,Sep,17,10,Involontaire,particulier,43.7898,7.0384,985.0
576,34145,Lunel,193045,2017,Sep,11,15,Involontaire,particulier,43.678,4.1329,10.0
577,34235,Rosis,447964,2017,Sep,12,18,Malveillance,NA,43.6295,2.9989,900.0
578,2B079,Castello-di-Rostino,99100,2017,Sep,21,15,Malveillance,NA,42.4732,9.2967,499.0
579,6077,LucÃ©ram,116600,2017,Sep,20,19,Naturelle,NA,43.8997,7.3506,1420.0
580,2B301,San-Gavino-di-Tenda,80000,2017,Sep,26,12,Malveillance,NA,42.6448,9.1688,480.0
581,83142,Trigance,300000,2017,Oct,8,14,Accidentelle,NA,43.7365,6.438,884.0
582,34211,Poujol-sur-Orb (Le),53170,2017,Oct,5,14,Involontaire,travaux,43.5848,3.0528,190.0
583,34281,Saint-Pargoire,846900,2017,Oct,6,5,Malveillance,NA,43.5268,3.5416,38.0
584,34170,Montouliers,523700,2017,Oct,7,13,Involontaire,particulier,43.3356,2.9068,31.0
585,6066,Gilette,125140,2017,Oct,7,6,Involontaire,particulier,43.8436,7.1602,723.0
586,34213,Poussan,100530,2017,Oct,8,16,Involontaire,particulier,43.4976,3.6623,34.0
587,2B116,Focicchia,97000,2017,Oct,17,15,Malveillance,NA,42.2472,9.2856,179.0
588,4008,Annot,208400,2017,Sep,17,12,Accidentelle,NA,43.9631,6.6631,705.0
589,4148,Peyroules,120000,2017,Sep,22,13,Malveillance,NA,43.8168,6.6495,967.0
590,48008,Arzenc-de-Randon,135000,2017,Mar,16,11,Involontaire,travaux,44.6598,3.608,1300.0
591,4120,Val d'Oronaye,767100,2017,Oct,5,13,Involontaire,travaux,44.43,6.8559,1700.0
592,30085,Collias,110000,2017,Jun,23,16,Accidentelle,NA,43.9493,4.4719,135.0
593,7139,Laviolle,133000,2017,Mar,18,14,Involontaire,travaux,44.761,4.3338,428.0
594,13038,Fontvieille,223600,2017,Oct,24,15,Involontaire,travaux,43.7278,4.7128,10.0
595,4023,Bayons,398600,2017,Mar,17,11,Involontaire,particulier,44.3233,6.1832,886.0
596,4139,Noyers-sur-Jabron,152300,2017,Mar,17,19,Involontaire,travaux,44.1644,5.8078,520.0
597,26123,Establet,68000,2017,Oct,29,13,Involontaire,particulier,44.4988,5.4415,1017.0
598,66014,Baixas,180000,2017,Aug,7,13,Involontaire,travaux,42.744,2.8079,42.0
599,48130,Rousses,168600,2017,Aug,21,14,Involontaire,particulier,44.1942,3.5697,812.0
600,48096,Meyrueis,147400,2017,Aug,5,15,Malveillance,NA,44.1723,3.4644,1054.0
601,66066,Enveitg,60000,2017,Mar,15,17,Involontaire,travaux,42.491,1.8922,1446.0
602,66011,Bages,350000,2017,Sep,2,12,Malveillance,NA,42.6075,2.8893,13.0
603,66108,Millas,50000,2017,Sep,5,14,Involontaire,travaux,42.6966,2.6865,103.0
604,12076,Conques-en-Rouergue,120000,2018,Feb,27,14,Malveillance,NA,44.5817,2.3895,320.0
605,43082,Cronce,76568,2018,Apr,21,12,Accidentelle,NA,45.0756,3.3572,1015.0
606,46176,Livernon,70000,2018,Aug,6,12,Accidentelle,NA,44.6516,1.8483,405.0
607,23062,ChÃ©niers,300000,2018,Oct,6,14,Accidentelle,NA,46.3528,1.8222,397.0
608,12025,Belmont-sur-Rance,50000,2018,Aug,9,11,Involontaire,travaux,43.8248,2.7517,345.0
609,12228,Saint-Izaire,80000,2018,Jul,9,16,Involontaire,travaux,43.9701,2.7006,266.0
610,40243,Rion-des-Landes,78000,2018,Sep,11,13,Involontaire,travaux,43.9318,-0.9436,77.0
611,47215,Pujols,80000,2018,Mar,22,14,Involontaire,particulier,44.3687,0.7006,50.0
612,7012,Arcens,50000,2018,Apr,21,16,Involontaire,travaux,44.8963,4.3184,450.0
613,83059,Forcalqueiret,110000,2018,Apr,27,14,Involontaire,particulier,43.3357,6.0884,189.0
614,34213,Poussan,113330,2018,Jul,10,16,Involontaire,particulier,43.4976,3.6623,34.0
615,34032,BÃ©ziers,90429,2018,Jul,11,16,Involontaire,particulier,43.3481,3.2342,50.0
616,66190,Salses-le-ChÃ¢teau,100000,2018,Jun,18,1,Accidentelle,NA,42.8359,2.9134,7.0
617,2B055,Campitello,100000,2018,Jan,28,12,Malveillance,NA,42.5272,9.3279,484.0
618,2B123,Ghisonaccia,50000,2018,Jan,2,15,Malveillance,NA,42.0454,9.4192,61.0
619,30042,Boisset-et-Gaujac,100023,2018,Aug,4,17,Malveillance,NA,44.0508,4.0282,132.0
620,34165,Montbazin,153404,2018,Aug,5,15,Malveillance,NA,43.5325,3.6694,34.0
621,34232,Roquebrun,50420,2018,Aug,4,15,Involontaire,particulier,43.5065,2.9978,130.0
622,34036,Bosc (Le),58132,2018,Aug,6,14,Malveillance,NA,43.6985,3.3896,110.0
623,2B123,Ghisonaccia,100700,2018,Sep,1,13,Malveillance,NA,42.0454,9.4192,61.0
624,2B009,AlÃ©ria,90000,2018,Sep,1,14,Malveillance,NA,42.0993,9.4972,41.0
625,34281,Saint-Pargoire,75019,2018,Sep,14,5,Malveillance,NA,43.5268,3.5416,38.0
626,2A284,Sollacaro,50000,2018,Apr,7,17,Involontaire,particulier,41.742,8.876,33.0
627,13071,Pennes-Mirabeau (Les),123300,2018,Sep,23,6,Accidentelle,NA,43.4005,5.3222,209.0
628,34121,Joncels,257367,2018,Sep,23,21,Malveillance,NA,43.7691,3.1834,390.0
629,34226,Quarante,119651,2018,Sep,24,10,Involontaire,particulier,43.353,2.9881,130.0
630,48115,Pompidou (Le),134700,2018,Sep,25,15,Involontaire,particulier,44.2062,3.6636,750.0
631,2B318,Taglio-Isolaccio,880000,2018,Jan,3,21,Accidentelle,NA,42.4336,9.5006,16.0
632,34165,Montbazin,85968,2018,Oct,2,21,Malveillance,NA,43.5325,3.6694,34.0
633,34165,Montbazin,359700,2018,Oct,4,15,Accidentelle,NA,43.5325,3.6694,34.0
634,34332,Vias,507900,2018,Oct,3,14,Involontaire,travaux,43.3089,3.3948,15.0
635,66136,Perpignan,60000,2018,Jul,8,16,Involontaire,particulier,42.699,2.9045,42.0
636,66190,Salses-le-ChÃ¢teau,55000,2018,Jul,11,13,Involontaire,particulier,42.8359,2.9134,7.0
637,66228,Villeneuve-la-RiviÃ¨re,59700,2018,Jul,20,14,Malveillance,NA,42.7046,2.7964,80.0
638,2B201,Pancheraccia,70000,2018,Jan,3,22,Malveillance,NA,42.1891,9.4093,685.0
639,48162,Saint-Julien-d'Arpaon,80000,2018,Feb,24,20,Involontaire,travaux,44.3,3.6667,903.0
640,66065,Elne,60000,2018,Sep,4,16,Malveillance,NA,42.6083,2.9781,13.0
641,66190,Salses-le-ChÃ¢teau,150000,2018,Sep,24,21,Involontaire,particulier,42.8359,2.9134,7.0
642,34286,Saint-Privat,79210,2018,Feb,25,14,Involontaire,travaux,43.7535,3.4285,620.0
643,34200,PÃ©zÃ¨nes-les-Mines,121077,2018,Feb,26,20,Malveillance,NA,43.6002,3.2444,389.0
644,6062,Fontan,90000,2018,Mar,25,15,Involontaire,particulier,44.0213,7.5527,425.0
645,6074,Lantosque,173400,2018,Apr,19,19,Malveillance,NA,43.9787,7.3121,485.0
646,38140,Crolles,140000,2019,Feb,15,13,Accidentelle,NA,45.2816,5.8853,970.0
647,39557,Vescles,50000,2019,Feb,25,17,Malveillance,NA,46.3547,5.6105,320.0
648,39478,Saint-Claude,200000,2019,Mar,27,14,Involontaire,travaux,46.4098,5.8802,1156.0
649,39289,Lect,75000,2019,Mar,27,14,Involontaire,travaux,46.3917,5.6687,320.0
650,43012,Aurec-sur-Loire,117175,2019,Mar,30,17,Involontaire,travaux,45.3668,4.2034,600.0
651,21037,Auxey-Duresses,95448,2019,Apr,15,13,Involontaire,travaux,46.989,4.7299,425.0
652,65428,Sireix,1000000,2019,Jan,4,8,Involontaire,travaux,42.9651,-0.1558,1105.0
653,65032,Arrens-Marsous,100000,2019,Mar,16,21,Involontaire,travaux,42.9089,-0.2517,1105.0
654,55574,Vouthon-Bas,300000,2019,Jul,22,17,Involontaire,travaux,48.4888,5.6165,256.0
655,39377,Mutigney,110000,2019,Jul,17,11,Involontaire,travaux,47.2844,5.5322,305.0
656,21694,Villeferry,74900,2019,Jul,25,11,Involontaire,particulier,47.4487,4.5267,340.0
657,21309,Griselles,160000,2019,Jul,17,13,Involontaire,travaux,47.8759,4.3649,195.0
658,52205,Foulain,600000,2019,Jul,25,15,Involontaire,travaux,48.0234,5.1632,335.0
659,49154,GrÃ©zillÃ©,90000,2019,Aug,4,14,Involontaire,particulier,47.3333,-0.35,75.0
660,49180,LonguÃ©-Jumelles,70000,2019,Aug,14,12,Involontaire,travaux,47.3961,-0.1092,35.0
661,58087,Cossaye,86647,2019,Jul,30,19,Malveillance,NA,46.7556,3.511,236.0
662,31334,Mauzac,300000,2019,Jul,19,13,Involontaire,travaux,43.3772,1.3028,200.0
663,31451,Revel,50000,2019,Aug,26,21,Involontaire,particulier,43.4679,1.9975,320.0
664,81016,Arfons,120000,2019,Sep,15,5,Malveillance,NA,43.4193,2.1865,630.0
665,23067,La Courtine,100000,2019,Sep,16,16,Accidentelle,NA,45.7315,2.2429,772.0
666,23067,La Courtine,50000,2019,Sep,21,14,Accidentelle,NA,45.7315,2.2429,772.0
667,58226,Saint-Agnan,97104,2019,Sep,20,14,Accidentelle,NA,47.3251,4.0917,525.0
668,12090,Druelle Balsac,90000,2019,Jul,12,15,Involontaire,travaux,44.3782,2.4721,590.0
669,79153,LoubignÃ©,200000,2019,Jul,7,19,Involontaire,travaux,46.0748,-0.0792,106.0
670,50403,Pirou,400000,2019,Mar,27,13,Malveillance,NA,49.1641,-1.5561,7.0
671,3055,La Chapelaude,740000,2019,Aug,31,13,Accidentelle,NA,46.428,2.5114,370.0
672,64255,Halsou,100000,2019,Mar,3,15,Involontaire,particulier,43.3842,-1.4089,135.0
673,64276,Issor,80000,2019,Mar,3,14,Involontaire,particulier,43.0892,-0.6566,260.0
674,64124,Bidarray,950000,2019,Mar,3,10,Involontaire,particulier,43.2682,-1.353,135.0
675,64504,Sare,200000,2019,Feb,16,18,Involontaire,particulier,43.2968,-1.5822,180.0
676,64477,Saint-Ã‰tienne-de-BaÃ¯gorry,190000,2019,Feb,27,11,Involontaire,travaux,43.1792,-1.3543,252.0
677,64342,Licq-AthÃ©rey,100000,2019,Feb,22,14,Involontaire,travaux,43.0582,-0.8836,216.0
678,64218,EstÃ©renÃ§uby,50000,2019,Feb,17,7,Involontaire,travaux,43.0772,-1.1763,292.0
679,64218,EstÃ©renÃ§uby,50005,2019,Feb,16,12,Involontaire,travaux,43.0772,-1.1763,292.0
680,64298,Lacarry-Arhan-Charritte-de-Haut,60000,2019,Mar,3,17,Malveillance,NA,43.0733,-0.9607,1327.0
681,24222,La Force,60000,2019,Apr,15,7,Accidentelle,NA,44.8799,0.358,79.0
682,24218,Jumilhac-le-Grand,50000,2019,Mar,24,16,Accidentelle,NA,45.5032,1.0874,324.0
683,33498,Salles,320000,2019,Aug,4,14,Naturelle,NA,44.536,-0.8899,7.0
684,33498,Salles,50000,2019,Aug,2,16,Naturelle,NA,44.536,-0.8899,7.0
685,33251,Louchats,150000,2019,Apr,15,16,Involontaire,travaux,44.5104,-0.5691,75.0
686,47186,Montesquieu,50000,2019,Jul,14,15,Malveillance,NA,44.2093,0.4528,148.0
687,38294,Panossas,79000,2019,Jul,16,16,Involontaire,travaux,45.6772,5.1902,250.0
688,1037,BÃ©nonces,100000,2019,Feb,28,16,Involontaire,travaux,45.842,5.4834,944.0
689,41275,La Ville-aux-Clercs,190000,2019,Jul,4,15,Involontaire,travaux,47.9185,1.0977,85.0
690,41041,La Chapelle-Vicomtesse,600000,2019,Jul,17,16,Involontaire,travaux,47.9833,1.0443,206.0
691,41250,SougÃ©,82000,2019,Jul,22,15,Involontaire,travaux,47.7812,0.7231,113.0
692,41248,CouÃ«tron-au-Perche,80300,2019,Jul,22,16,Involontaire,travaux,48.0573,0.894,172.0
693,41088,Fontaine-Raoul,201000,2019,Jul,25,16,Involontaire,travaux,47.9749,1.1324,95.0
694,4074,Entrages,99000,2019,Mar,12,14,Involontaire,travaux,44.0398,6.2732,600.0
695,48119,PrÃ©venchÃ¨res,72300,2019,Mar,17,11,Involontaire,travaux,44.5144,3.9119,900.0
696,6013,BelvÃ©dÃ¨re,50000,2019,Mar,26,0,Malveillance,NA,44.0615,7.3612,625.0
697,7077,Darbres,50000,2019,Mar,24,10,Involontaire,travaux,44.6597,4.5216,740.0
698,34007,Aigues-Vives,256785,2019,Mar,29,11,Involontaire,travaux,43.3503,2.8231,124.0
699,34235,Rosis,78396,2019,Mar,29,14,Malveillance,NA,43.6295,2.9989,900.0
700,6148,Tourrettes-sur-Loup,734000,2019,Jan,27,11,Malveillance,NA,43.718,7.0353,44.0
701,83069,HyÃ¨res,116000,2019,Jun,14,14,Malveillance,NA,43.1139,6.2357,6.0
702,2A272,SartÃ¨ne,73800,2019,Jun,14,10,Accidentelle,NA,41.5752,8.9326,62.0
703,2B002,Aghione,165000,2019,Jun,25,10,Malveillance,NA,42.0934,9.4064,61.0
704,34093,Dio-et-ValquiÃ¨res,124100,2019,Jun,29,12,Malveillance,NA,43.6699,3.2199,439.0
705,2B050,Calvi,150000,2019,Jul,8,11,Involontaire,particulier,42.5498,8.7611,295.0
706,13117,Vitrolles,80000,2019,Jul,10,18,Accidentelle,NA,43.4509,5.2655,9.0
707,13117,Vitrolles,50000,2019,Jul,10,18,Accidentelle,NA,43.4509,5.2655,9.0
708,83003,Ampus,380000,2019,Jul,2,11,Naturelle,NA,43.6218,6.3683,892.0
709,83082,Montferrat,50000,2019,Jul,5,15,Involontaire,travaux,43.6336,6.4774,892.0
710,4045,CÃ©reste,79700,2019,Jul,13,16,Malveillance,NA,43.853,5.5883,350.0
711,34341,Villeveyrac,55253,2019,Jul,15,19,Malveillance,NA,43.4956,3.5931,34.0
712,83137,Toulon,100000,2019,Jul,18,13,Malveillance,NA,43.1364,5.9334,3.0
713,34095,FabrÃ¨gues,622900,2019,Jul,18,16,Involontaire,particulier,43.5312,3.7737,34.0
714,4004,Allemagne-en-Provence,527700,2019,Jul,25,13,Involontaire,travaux,43.7921,6.0257,450.0
715,34143,Loupian,121109,2019,Jul,26,17,Involontaire,particulier,43.4509,3.6279,73.0
716,34213,Poussan,171261,2019,Jul,30,21,Malveillance,NA,43.4976,3.6623,34.0
717,48065,Fraissinet-de-Fourques,139500,2019,Feb,27,14,Involontaire,travaux,44.207,3.5362,1028.0
718,48194,Vialas,114270,2019,Jul,31,14,Involontaire,travaux,44.3466,3.893,610.0
719,83153,Saint-Mandrier-sur-Mer,175200,2019,Jul,29,12,Malveillance,NA,43.0759,5.9273,3.0
720,34015,Assignan,122869,2019,Aug,2,16,Involontaire,travaux,43.3997,2.8864,258.0
721,34268,Saint-Jean-de-la-BlaquiÃ¨re,149615,2019,Aug,8,11,Malveillance,NA,43.7077,3.4304,110.0
722,66156,Rabouillet,670000,2019,Mar,6,12,Involontaire,travaux,42.7265,2.3646,500.0
723,34145,Lunel,52989,2019,Aug,2,16,Involontaire,particulier,43.678,4.1329,10.0
724,4113,Marcoux,287800,2019,Aug,10,12,Involontaire,particulier,44.1287,6.2818,595.0
725,84035,Cavaillon,130300,2019,Jul,23,15,Malveillance,NA,43.8485,5.0333,65.0
726,2B079,Castello-di-Rostino,120000,2019,Aug,14,11,Malveillance,NA,42.4732,9.2967,499.0
727,34056,Castelnau-de-Guers,85000,2019,Aug,12,17,Involontaire,travaux,43.436,3.4718,20.0
728,5123,La Roche-des-Arnauds,70400,2019,Aug,14,5,Naturelle,NA,44.59,5.9596,1249.0
729,34166,Montblanc,206119,2019,Aug,3,15,Involontaire,travaux,43.3775,3.3569,15.0
730,30093,Conqueyrac,74723,2019,Aug,31,16,Naturelle,NA,43.9369,3.9032,160.0
731,83107,Roquebrune-sur-Argens,50000,2019,Aug,19,14,Involontaire,particulier,43.4282,6.6526,7.0
732,13103,Salon-de-Provence,82100,2019,Aug,14,22,Involontaire,particulier,43.643,5.049,89.0
733,13106,SeptÃ¨mes-les-Vallons,104400,2019,Sep,5,17,Involontaire,particulier,43.3931,5.3828,209.0
734,2B185,Oletta,50000,2019,Sep,8,12,Malveillance,NA,42.6451,9.3453,54.0
735,2B222,Pie-d'Orezza,100000,2019,Feb,24,10,Malveillance,NA,42.3756,9.3404,822.0
736,34329,Vendres,55176,2019,Sep,4,16,Involontaire,travaux,43.2569,3.2305,12.0
737,34017,Aumes,252400,2019,Sep,8,16,Malveillance,NA,43.4632,3.4695,22.0
738,2B143,Linguizzetta,219200,2019,Sep,13,14,Malveillance,NA,42.2144,9.5015,78.0
739,34205,Les Plans,112742,2019,Sep,4,14,Accidentelle,NA,43.7619,3.2712,846.0
740,26300,Saint-Dizier-en-Diois,57300,2019,Feb,23,14,Malveillance,NA,44.5133,5.4847,1017.0
741,34235,Rosis,189162,2019,Sep,15,12,Malveillance,NA,43.6295,2.9989,900.0
742,34281,Saint-Pargoire,326900,2019,Sep,5,17,Malveillance,NA,43.5268,3.5416,38.0
743,2B105,Erbajolo,71400,2019,Sep,17,12,Malveillance,NA,42.252,9.2642,179.0
744,34308,Taussac-la-BilliÃ¨re,52731,2019,Sep,6,17,Malveillance,NA,43.6339,3.0766,192.0
745,34168,Montesquieu,111935,2019,Sep,7,6,Malveillance,NA,43.5637,3.2708,122.0
746,2A048,Calcatoggio,83000,2019,Sep,10,11,Malveillance,NA,42.0305,8.7307,317.0
747,30190,Notre-Dame-de-la-RouviÃ¨re,87701,2019,Sep,5,13,Malveillance,NA,44.05,3.7,367.0
748,34045,CabriÃ¨res,57257,2019,Sep,18,12,Involontaire,particulier,43.5779,3.3473,200.0
749,2B355,Volpajola,566000,2019,Oct,4,10,Malveillance,NA,42.5237,9.3699,70.0
750,2A326,Tolla,710000,2019,Feb,23,19,Involontaire,travaux,41.9678,8.9674,698.0
751,2A272,SartÃ¨ne,208000,2019,Oct,9,14,Accidentelle,NA,41.5752,8.9326,62.0
752,66134,Passa,50000,2019,Apr,12,11,Malveillance,NA,42.5674,2.804,148.0
753,66212,Torreilles,150000,2019,May,30,13,Malveillance,NA,42.757,3.0059,7.0
754,66182,Sainte-Marie-la-Mer,50000,2019,May,30,15,Malveillance,NA,42.7262,3.0167,7.0
755,34210,Le Pouget,56401,2019,Oct,6,17,Accidentelle,NA,43.5919,3.5184,46.0
756,66205,Tautavel,80000,2019,Jul,5,14,Malveillance,NA,42.8163,2.7161,182.0
757,84089,Pertuis,212100,2019,Sep,8,16,Accidentelle,NA,43.6931,5.5345,250.0
758,4144,La Palud-sur-Verdon,150600,2019,Feb,28,17,Involontaire,travaux,43.801,6.323,1110.0
759,34281,Saint-Pargoire,388500,2019,Sep,6,6,Malveillance,NA,43.5268,3.5416,38.0
760,66145,Ponteilla,50000,2019,Jul,15,1,Malveillance,NA,42.6347,2.8288,80.0
761,66008,ArgelÃ¨s-sur-Mer,300000,2019,Jul,15,13,Malveillance,NA,42.53,3.0232,5.0
762,66227,Villeneuve-de-la-Raho,365000,2019,Jul,15,13,Malveillance,NA,42.6402,2.909,13.0
763,66168,Saint-AndrÃ©,100000,2019,Jul,16,13,Malveillance,NA,42.5541,2.9794,28.0
764,66108,Millas,880000,2019,Jul,16,14,Involontaire,particulier,42.6966,2.6865,103.0
765,66224,Villelongue-de-la-Salanque,180000,2019,Aug,14,17,Malveillance,NA,42.7261,2.977,7.0
766,7098,Gourdon,70000,2019,Feb,28,17,Involontaire,travaux,44.7328,4.4646,737.0
767,2B281,Sisco,996300,2019,Feb,23,13,Malveillance,NA,42.8152,9.4389,354.0
768,66088,Ille-sur-TÃªt,50000,2019,Aug,22,12,Involontaire,travaux,42.6746,2.6167,158.0
769,66016,Banyuls-sur-Mer,330000,2019,Sep,5,5,Malveillance,NA,42.4602,3.1015,72.0
770,6070,GrÃ©oliÃ¨res,80000,2019,Jan,12,11,Involontaire,particulier,43.8037,6.9296,985.0
771,34165,Montbazin,154537,2019,Jun,5,14,Malveillance,NA,43.5325,3.6694,34.0
772,4204,Senez,197300,2019,Mar,1,9,Involontaire,travaux,43.9229,6.3645,1110.0
773,6074,Lantosque,370000,2019,Feb,25,12,Malveillance,NA,43.9787,7.3121,485.0
774,6153,Valdeblore,342100,2019,Mar,4,15,Malveillance,NA,44.1152,7.1949,1058.0
775,7121,Lachapelle-Graillouse,90000,2019,Mar,4,15,Malveillance,NA,44.8121,4.0241,1056.0
776,48198,Villefort,100000,2019,Feb,13,15,Involontaire,travaux,44.4429,3.9293,900.0
777,48015,Pied-de-Borne,85000,2019,Feb,16,10,Involontaire,travaux,44.4839,3.9685,803.0
778,48061,Florac Trois RiviÃ¨res,57700,2019,Feb,27,15,Involontaire,travaux,44.3189,3.6268,903.0
779,48166,Cans et CÃ©vennes,143500,2019,Feb,28,15,Involontaire,travaux,44.2834,3.6443,903.0
780,48162,Saint-Julien-d'Arpaon,220000,2019,Feb,27,15,Involontaire,travaux,44.3,3.6667,903.0
781,43246,Tiranges,100000,2020,Apr,15,12,Involontaire,particulier,45.2875,4.0154,603.0
782,82131,Montpezat-de-Quercy,80000,2020,Jul,13,14,Accidentelle,NA,44.2392,1.4738,266.0
783,2305,FÃ¨re-en-Tardenois,100000,2020,Jul,27,16,Accidentelle,NA,49.1833,3.5126,215.0
784,82187,Varen,700000,2020,Aug,10,14,Accidentelle,NA,44.1605,1.8858,319.0
785,89021,Asquins,370000,2020,Jul,13,15,Malveillance,NA,47.491,3.7436,302.0
786,58107,Dun-sur-Grandry,216242,2020,Aug,27,18,Involontaire,travaux,47.0877,3.7996,300.0
787,46072,ConcorÃ¨s,120000,2020,Sep,10,16,Involontaire,travaux,44.6695,1.3915,230.0
788,43156,PrÃ©sailles,62000,2020,Sep,18,13,Accidentelle,NA,44.8916,4.0481,1050.0
789,58270,Saint-VÃ©rain,75250,2020,Sep,14,15,Involontaire,travaux,47.4863,3.0344,285.0
790,89044,Blannay,50000,2020,Sep,14,17,Accidentelle,NA,47.5335,3.7628,210.0
791,89419,Toucy,72000,2020,Sep,15,17,Involontaire,travaux,47.7328,3.2882,200.0
792,3217,Saint-Angel,250000,2020,Aug,25,13,Malveillance,NA,46.3558,2.6957,275.0
793,3155,Lurcy-LÃ©vis,55000,2020,Sep,18,18,Accidentelle,NA,46.7371,2.9111,225.0
794,45315,Sully-sur-Loire,50500,2020,Jul,7,16,Involontaire,travaux,47.751,2.3499,144.0
795,45098,ClÃ©ry-Saint-AndrÃ©,100000,2020,Jul,27,13,Involontaire,particulier,47.8151,1.7613,110.0
796,77186,Fontainebleau,50000,2020,Aug,7,12,Involontaire,particulier,48.4236,2.6817,81.0
797,87064,Eymoutiers,140000,2020,Aug,11,21,Accidentelle,NA,45.7098,1.7293,400.0
798,97408,La Possession,108106,2020,Oct,31,14,Accidentelle,NA,-20.9965,55.3918,915.0
799,31581,Villaudric,200000,2020,Aug,7,15,Malveillance,NA,43.832,1.4372,100.0
800,79246,Sainte-Eanne,80000,2020,Jul,30,17,Accidentelle,NA,46.3935,-0.1384,83.0
801,79154,LoubillÃ©,70000,2020,Aug,4,11,Involontaire,travaux,46.0442,-0.0658,106.0
802,15038,Champs-sur-Tarentaine-Marchal,50000,2020,Apr,11,15,Involontaire,travaux,45.4043,2.6053,655.0
803,15250,Vebret,180000,2020,Aug,6,12,Involontaire,travaux,45.351,2.5175,470.0
804,24485,Saint-Pierre-de-CÃ´le,80000,2020,Jul,14,17,Accidentelle,NA,45.3778,0.8158,130.0
805,24294,Montpon-MÃ©nestÃ©rol,50000,2020,Sep,3,14,Malveillance,NA,45.0163,0.147,29.0
806,64067,Assat,71000,2020,Sep,17,13,Involontaire,travaux,43.2576,-0.2878,213.0
807,64223,Etsaut,700000,2020,Feb,24,14,Involontaire,travaux,42.8901,-0.5318,1074.0
808,64559,Viodos-Abense-de-Bas,50000,2020,Sep,18,13,Malveillance,NA,43.2476,-0.8943,130.0
809,40296,Seignosse,60000,2020,Aug,3,16,Involontaire,particulier,43.7055,-1.3939,2.0
810,40319,Trensacq,120000,2020,Aug,16,12,Accidentelle,NA,44.232,-0.7015,76.0
811,40006,Arengosse,50000,2020,Aug,12,15,Naturelle,NA,44.0299,-0.7811,80.0
812,40060,Callen,84391,2020,Aug,13,20,Naturelle,NA,44.2743,-0.4688,89.0
813,33029,Le Barp,125500,2020,Mar,1,15,Naturelle,NA,44.6297,-0.7437,65.0
814,33202,Hostens,214300,2020,Sep,7,15,Accidentelle,NA,44.4834,-0.6616,75.0
815,33202,Hostens,362600,2020,Sep,9,14,Accidentelle,NA,44.4834,-0.6616,75.0
816,33029,Le Barp,212400,2020,Sep,16,14,Accidentelle,NA,44.6297,-0.7437,65.0
817,33233,Laruscade,60000,2020,Sep,17,17,Accidentelle,NA,45.1206,-0.3394,66.0
818,33202,Hostens,50000,2020,Sep,18,5,Malveillance,NA,44.4834,-0.6616,75.0
819,48098,Molezon,93400,2020,Apr,15,12,Involontaire,particulier,44.2151,3.691,750.0
820,2B315,Santo-Pietro-di-Venaco,110000,2020,Feb,2,11,Malveillance,NA,42.2472,9.1764,350.0
821,2B002,Aghione,898200,2020,Jun,5,14,Malveillance,NA,42.0934,9.4064,61.0
822,30089,Comps,86050,2020,Jul,5,9,Accidentelle,NA,43.8489,4.5863,18.0
823,34143,Loupian,135801,2020,Jul,7,15,Involontaire,particulier,43.4509,3.6279,73.0
824,34197,PÃ©ret,517100,2020,Jul,8,14,Malveillance,NA,43.5763,3.4016,40.0
825,2B079,Castello-di-Rostino,322600,2020,Jul,13,11,Malveillance,NA,42.4732,9.2967,499.0
826,13077,Port-de-Bouc,62000,2020,Jun,26,11,Involontaire,travaux,43.4207,4.9993,4.0
827,34226,Quarante,295700,2020,Jul,14,15,Accidentelle,NA,43.353,2.9881,130.0
828,26200,Montfroc,104200,2020,Jul,21,12,Malveillance,NA,44.1722,5.644,660.0
829,2B242,Poggio-Mezzana,196800,2020,Feb,10,18,Malveillance,NA,42.4009,9.5121,14.0
830,6130,Saint-Vallier-de-Thiey,392700,2020,Feb,11,6,Accidentelle,NA,43.6994,6.8516,708.0
831,6070,GrÃ©oliÃ¨res,195400,2020,Feb,11,11,Accidentelle,NA,43.8037,6.9296,985.0
832,7315,La Souche,200000,2020,Feb,15,20,Involontaire,travaux,44.6258,4.1565,600.0
833,2B112,Feliceto,194400,2020,Aug,3,23,Malveillance,NA,42.5515,8.9415,450.0
834,34016,Aumelas,67959,2020,Aug,6,15,Malveillance,NA,43.5768,3.6056,50.0
835,2B224,Pietracorbara,741300,2020,Feb,10,14,Malveillance,NA,42.8459,9.4361,354.0
836,4094,GrÃ©oux-les-Bains,74800,2020,Aug,6,17,Involontaire,travaux,43.7628,5.8597,359.0
837,4199,Saint-Vincent-sur-Jabron,351400,2020,Aug,7,15,Accidentelle,NA,44.1674,5.7425,660.0
838,2B145,Loreto-di-Casinca,50000,2020,Aug,8,6,Malveillance,NA,42.4767,9.4268,25.0
839,2B192,Olmo,200000,2020,Feb,11,8,Accidentelle,NA,42.5018,9.4139,70.0
840,66119,Mosset,150000,2020,Feb,24,12,Involontaire,travaux,42.6719,2.2848,500.0
841,34032,BÃ©ziers,236085,2020,Aug,14,17,Malveillance,NA,43.3481,3.2342,50.0
842,5055,La Faurie,628500,2020,Aug,10,15,Naturelle,NA,44.5751,5.7378,825.0
843,4070,Digne-les-Bains,55900,2020,Aug,24,15,Malveillance,NA,44.0954,6.2495,595.0
844,66069,Espira-de-l'Agly,50000,2020,Mar,13,0,Malveillance,NA,42.7987,2.8231,42.0
845,30129,GÃ©nÃ©rargues,130605,2020,Jul,19,16,Malveillance,NA,44.0797,3.9941,139.0
846,30169,Milhaud,409541,2020,Aug,1,15,Malveillance,NA,43.7831,4.3081,24.0
847,30339,Val-d'Aigoual,663168,2020,Feb,24,15,Involontaire,travaux,44.081,3.6272,367.0
848,2A004,Ajaccio,100000,2020,Aug,13,11,Malveillance,NA,41.9228,8.7058,86.0
849,2A017,Appietto,120000,2020,Aug,13,16,Involontaire,particulier,41.9965,8.7311,317.0
850,83003,Ampus,311000,2020,Feb,19,11,Involontaire,travaux,43.6218,6.3683,892.0
851,2A031,Bastelica,56038,2020,Jan,12,15,Involontaire,travaux,41.9781,9.0553,661.0
852,2B275,Sermano,121520,2020,Sep,6,13,Malveillance,NA,42.3155,9.2637,850.0
853,34147,Magalas,56520,2020,Sep,3,16,Malveillance,NA,43.4778,3.2216,93.0
854,30017,Arrigas,89533,2020,Sep,4,13,Involontaire,particulier,43.9927,3.4806,500.0
855,13081,Rognac,87400,2020,Aug,5,16,Involontaire,particulier,43.4995,5.233,9.0
856,13077,Port-de-Bouc,832200,2020,Aug,4,16,Malveillance,NA,43.4207,4.9993,4.0
857,13118,Coudoux,117300,2020,Aug,3,18,Involontaire,particulier,43.5587,5.2559,198.0
858,13005,Aubagne,91600,2020,Aug,4,17,Involontaire,travaux,43.2904,5.5643,105.0
859,13117,Vitrolles,313100,2020,Aug,23,13,Involontaire,particulier,43.4509,5.2655,9.0
860,34232,Roquebrun,69471,2020,Sep,25,16,Involontaire,particulier,43.5065,2.9978,130.0
861,48119,PrÃ©venchÃ¨res,180100,2020,Sep,7,15,Accidentelle,NA,44.5144,3.9119,900.0
862,30339,Val-d'Aigoual,104450,2020,Feb,23,13,Involontaire,travaux,44.081,3.6272,367.0
863,2B051,Cambia,50000,2020,Oct,11,11,Malveillance,NA,42.367,9.303,822.0
864,7115,Labeaume,50000,2020,Sep,18,14,Involontaire,particulier,44.4682,4.3074,107.0
865,13033,EnsuÃ¨s-la-Redonne,53600,2020,Sep,19,19,Involontaire,travaux,43.3554,5.188,9.0
866,4170,La Rochette,58800,2020,Feb,7,14,Involontaire,travaux,43.9097,6.875,860.0
867,4013,Aubignosc,92500,2020,Nov,21,6,Accidentelle,NA,44.1211,5.9542,440.0
868,66017,Le BarcarÃ¨s,100000,2020,Jul,4,13,Malveillance,NA,42.8118,3.0281,3.0
869,66172,Saint-EstÃ¨ve,80000,2020,Jul,7,10,Involontaire,travaux,42.7154,2.8445,42.0
870,66071,Estagel,286300,2020,Jul,10,16,Malveillance,NA,42.7642,2.7077,182.0
871,66093,Laroque-des-AlbÃ¨res,80000,2020,Jul,17,16,Malveillance,NA,42.5179,2.9314,28.0
872,66176,Saint-Hippolyte,200000,2020,Aug,3,19,Involontaire,particulier,42.8104,2.9754,7.0
873,66049,CÃ©ret,50000,2020,Aug,5,17,Accidentelle,NA,42.473,2.7565,146.0
874,66030,Calce,110000,2020,Aug,21,14,Malveillance,NA,42.7477,2.7545,182.0
875,66015,Banyuls-dels-Aspres,50000,2020,Aug,23,0,Malveillance,NA,42.5653,2.8649,148.0
876,2B063,Carcheto-Brustico,250000,2020,Feb,26,11,Malveillance,NA,42.3554,9.3593,784.0
877,34061,Causses-et-Veyran,79565,2020,Nov,7,10,Malveillance,NA,43.4656,3.0897,140.0
878,2A323,Tavaco,70000,2020,Nov,8,11,Malveillance,NA,42.0327,8.8873,433.0
879,48116,Pont de Montvert - Sud Mont LozÃ¨re,819600,2020,Feb,23,17,Malveillance,NA,44.3684,3.7777,1000.0
880,48178,Saint-Privat-de-Vallongue,77400,2020,Mar,18,12,Involontaire,particulier,44.2885,3.8341,1000.0
881,6103,RoquebilliÃ¨re,95000,2020,Mar,22,11,Malveillance,NA,44.0282,7.2885,625.0
882,6103,RoquebilliÃ¨re,112000,2020,Mar,22,13,Malveillance,NA,44.0282,7.2885,625.0
883,17240,Montendre,150000,2021,Apr,4,15,Involontaire,travaux,45.2859,-0.3862,96.0
884,97415,Saint-Paul,140594,2021,Aug,3,17,Malveillance,NA,-21.0366,55.3402,1200.0
885,87150,Saint-Hilaire-les-Places,100000,2021,Apr,3,16,Accidentelle,NA,45.6372,1.149,336.0
886,97415,Saint-Paul,384400,2021,Oct,2,7,Malveillance,NA,-21.0366,55.3402,1200.0
887,89368,Saint-Sauveur-en-Puisaye,50000,2021,Apr,21,19,Involontaire,travaux,47.6358,3.196,198.0
888,63006,Anzat-le-Luguet,90000,2021,Feb,25,13,Involontaire,travaux,45.3265,3.0104,1270.0
889,63006,Anzat-le-Luguet,80000,2021,Mar,6,14,Involontaire,travaux,45.3265,3.0104,1270.0
890,12094,Entraygues-sur-TruyÃ¨re,60000,2021,Feb,22,1,Accidentelle,NA,44.6604,2.5853,239.0
891,12155,Fondamente,60000,2021,Mar,30,15,Involontaire,travaux,43.8574,3.1226,510.0
892,40184,Mimizan,600000,2021,Aug,28,15,Involontaire,particulier,44.1995,-1.2322,26.0
893,33436,Saint-Magne,50000,2021,Apr,19,15,Malveillance,NA,44.559,-0.6623,75.0
894,33376,Saint-Aubin-de-MÃ©doc,50000,2021,Aug,31,2,Accidentelle,NA,44.9343,-0.7478,27.0
895,34214,Pouzolles,216018,2021,Mar,21,10,Involontaire,travaux,43.478,3.2727,73.0
896,34040,Brenas,97834,2021,Mar,24,12,Involontaire,travaux,43.6402,3.2521,439.0
897,34341,Villeveyrac,221628,2021,Mar,29,11,Involontaire,travaux,43.4956,3.5931,34.0
898,2B355,Volpajola,489000,2021,Mar,31,12,Malveillance,NA,42.5237,9.3699,70.0
899,34092,Cruzy,60755,2021,Jan,17,12,Malveillance,NA,43.3528,2.9244,219.0
900,6163,Tende,420000,2021,Apr,7,12,Involontaire,travaux,44.0971,7.5499,1279.0
901,48075,Ispagnac,62600,2021,Apr,1,20,Involontaire,travaux,44.4009,3.5315,618.0
902,48168,Saint-LÃ©ger-de-Peyre,75000,2021,Apr,2,17,Involontaire,travaux,44.6048,3.3059,746.0
903,48119,PrÃ©venchÃ¨res,114700,2021,Apr,7,16,Malveillance,NA,44.5144,3.9119,900.0
904,7251,Saint-Joseph-des-Bancs,57000,2021,Apr,1,10,Involontaire,travaux,44.7515,4.4147,500.0
905,84079,Monieux,308100,2021,Apr,7,14,Involontaire,particulier,44.052,5.345,670.0
906,7187,Prunet,165000,2021,Apr,8,12,Involontaire,travaux,44.5957,4.255,779.0
907,5077,Molines-en-Queyras,55000,2021,May,8,15,Involontaire,particulier,44.7123,6.8975,2000.0
908,2B355,Volpajola,80000,2021,May,17,10,Malveillance,NA,42.5237,9.3699,70.0
909,2B213,Pianello,50000,2021,Jan,30,9,Malveillance,NA,42.3004,9.3577,680.0
910,34135,Lespignan,340439,2021,May,30,12,Involontaire,particulier,43.2737,3.1689,37.0
911,34206,Poilhes,560104,2021,Jun,7,10,Malveillance,NA,43.304,3.0915,33.0
912,34135,Lespignan,188475,2021,Jun,7,12,Malveillance,NA,43.2737,3.1689,37.0
913,13007,Auriol,803300,2021,Apr,6,16,Involontaire,particulier,43.3594,5.6559,615.0
914,66069,Espira-de-l'Agly,100000,2021,Apr,6,5,Malveillance,NA,42.7987,2.8231,42.0
915,66174,Saint-FÃ©liu-d'Avall,70000,2021,Jun,14,12,Involontaire,travaux,42.6733,2.7498,110.0
916,2A004,Ajaccio,54000,2021,Jun,25,15,Involontaire,particulier,41.9228,8.7058,86.0
917,66148,Port-Vendres,329600,2021,Jun,16,9,Involontaire,travaux,42.5034,3.1048,72.0
918,83124,Seillans,70000,2021,Jun,30,15,Accidentelle,NA,43.6326,6.6024,372.0
919,2B150,Lumio,52500,2021,Jul,5,8,Malveillance,NA,42.58,8.8262,296.0
920,30193,Parignargues,54503,2021,Jul,9,15,Involontaire,travaux,43.8679,4.2129,114.0
921,2B185,Oletta,105050,2021,Jul,14,13,Malveillance,NA,42.6451,9.3453,54.0
922,6157,Vence,89000,2021,Jul,14,12,Involontaire,particulier,43.7373,7.0995,299.0
923,2A006,Alata,70000,2021,Jul,9,18,Malveillance,NA,41.9702,8.7294,317.0
924,2B190,Olmi-Cappella,65000,2021,Feb,26,14,Malveillance,NA,42.5231,9.0107,844.0
925,66121,NÃ©fiach,963400,2021,Jul,18,15,Involontaire,particulier,42.696,2.6566,103.0
926,66012,Baho,304530,2021,Jul,19,13,Involontaire,travaux,42.7066,2.8229,42.0
927,66048,CerbÃ¨re,99300,2021,Jul,31,16,Involontaire,particulier,42.4471,3.1493,72.0
928,34328,VendÃ©mian,69781,2021,Aug,1,13,Malveillance,NA,43.5808,3.5611,50.0
929,2B143,Linguizzetta,100000,2021,Aug,7,13,Malveillance,NA,42.2144,9.5015,78.0
930,34180,NÃ©bian,134100,2021,Aug,2,14,Malveillance,NA,43.5999,3.4357,145.0
931,34007,Aigues-Vives,67160,2021,Aug,16,19,Involontaire,particulier,43.3503,2.8231,124.0
932,34017,Aumes,143957,2021,Aug,18,12,Malveillance,NA,43.4632,3.4695,22.0
933,34183,Nissan-lez-Enserune,464040,2021,Aug,18,13,Involontaire,particulier,43.282,3.1051,33.0
934,2A017,Appietto,357000,2021,Jul,29,17,Malveillance,NA,41.9965,8.7311,317.0
935,2A209,Peri,78000,2021,Aug,3,15,Malveillance,NA,42.0015,8.9099,433.0
936,66190,Salses-le-ChÃ¢teau,170000,2021,Aug,20,15,Malveillance,NA,42.8359,2.9134,7.0
937,66205,Tautavel,902900,2021,Aug,26,12,Involontaire,particulier,42.8163,2.7161,182.0
938,6073,Isola,98000,2021,Aug,26,12,Naturelle,NA,44.1903,7.0835,875.0
939,48075,Ispagnac,154800,2021,Aug,27,17,Malveillance,NA,44.4009,3.5315,618.0
940,13056,Martigues,59000,2021,Jul,16,16,Involontaire,particulier,43.3839,5.0451,12.0
941,2B235,Pioggiola,100000,2021,Mar,13,17,Malveillance,NA,42.5251,8.9696,844.0
942,2B333,Vallecalle,170000,2021,Mar,14,8,Malveillance,NA,42.6003,9.3373,54.0
943,2B143,Linguizzetta,334500,2021,Sep,7,14,Malveillance,NA,42.2144,9.5015,78.0
944,34268,Saint-Jean-de-la-BlaquiÃ¨re,153388,2021,Aug,19,12,Malveillance,NA,43.7077,3.4304,110.0
945,34045,CabriÃ¨res,278905,2021,Aug,24,12,Malveillance,NA,43.5779,3.3473,200.0
946,34213,Poussan,61647,2021,Aug,26,11,Malveillance,NA,43.4976,3.6623,34.0
947,34036,Le Bosc,113183,2021,Aug,28,12,Malveillance,NA,43.6985,3.3896,110.0
948,66002,AlÃ©nya,75000,2021,Aug,28,19,Malveillance,NA,42.6413,2.9824,13.0
949,34332,Vias,70550,2021,Sep,27,15,Involontaire,particulier,43.3089,3.3948,15.0
950,2A006,Alata,157305,2021,Oct,10,12,Involontaire,particulier,41.9702,8.7294,317.0
951,34093,Dio-et-ValquiÃ¨res,72005,2021,Oct,12,18,Involontaire,travaux,43.6699,3.2199,439.0
952,34135,Lespignan,378600,2021,Oct,28,13,Malveillance,NA,43.2737,3.1689,37.0
953,34186,Octon,68072,2021,Oct,10,12,Malveillance,NA,43.6588,3.2936,184.0
954,34056,Castelnau-de-Guers,80994,2021,Oct,13,18,Malveillance,NA,43.436,3.4718,20.0
955,34165,Montbazin,445051,2021,Aug,16,5,Malveillance,NA,43.5325,3.6694,34.0
956,34178,Murviel-lÃ¨s-BÃ©ziers,54906,2021,Mar,11,14,Malveillance,NA,43.4597,3.1362,140.0
957,2A200,Palneca,184200,2021,Oct,23,16,Malveillance,NA,41.9905,9.1868,928.0
958,2B289,Soveria,106000,2021,Oct,25,15,Malveillance,NA,42.3473,9.1425,347.0
959,2B079,Castello-di-Rostino,70000,2021,Oct,26,15,Malveillance,NA,42.4732,9.2967,499.0
960,2B343,Venzolasca,80000,2021,Dec,19,11,Malveillance,NA,42.4998,9.4885,25.0
961,34144,Lunas,77012,2021,Mar,13,17,Involontaire,travaux,43.7033,3.1951,249.0
962,15081,Jou-sous-Monjou,50000,2022,Jan,24,18,Involontaire,travaux,44.9411,2.6605,683.0
963,15045,Chaudes-Aigues,150000,2022,Feb,10,16,Involontaire,travaux,44.8423,3.0057,924.0
964,21582,Santenay,75000,2022,Mar,9,15,Involontaire,travaux,46.9184,4.6929,232.0
965,46040,Cabrerets,200000,2022,Mar,23,12,Accidentelle,NA,44.5155,1.6216,315.0
966,81243,Saint-Beauzile,849600,2022,Jun,18,12,Involontaire,travaux,44.0285,1.818,395.0
967,81325,Viviers-lÃ¨s-Montagnes,122000,2022,Jun,18,19,Involontaire,travaux,43.5491,2.1799,198.0
968,81073,Crespinet,500000,2022,Jun,19,14,Accidentelle,NA,43.9516,2.2964,256.0
969,15106,LieutadÃ¨s,250000,2022,May,12,14,Involontaire,particulier,44.829,2.9022,1113.0
970,41275,La Ville-aux-Clercs,300000,2022,Jun,18,12,Involontaire,travaux,47.9185,1.0977,85.0
971,58102,Donzy,60000,2022,Jul,9,20,Involontaire,particulier,47.3798,3.1171,209.0
972,58304,Varzy,50100,2022,Jul,11,16,Involontaire,particulier,47.3543,3.3895,226.0
973,46079,Cras,90000,2022,Jul,10,17,Involontaire,particulier,44.5578,1.545,364.0
974,54244,HagÃ©ville,120000,2022,Jul,19,12,Involontaire,travaux,49.0323,5.8602,239.0
975,81027,Belleserre,110000,2022,Jul,30,17,Malveillance,NA,43.4902,2.0622,615.0
976,43157,Le Puy-en-Velay,98500,2022,Aug,12,17,Naturelle,NA,45.0283,3.8973,620.0
977,54156,Diarville,60500,2022,Aug,12,13,Accidentelle,NA,48.387,6.1273,300.0
978,42021,Boisset-Saint-Priest,200000,2022,Jun,17,13,Involontaire,travaux,45.5124,4.1192,370.0
979,35211,Paimpont,100000,2022,Jul,18,10,Involontaire,particulier,48.0327,-2.1793,74.0
980,58102,Donzy,260000,2022,Aug,10,13,Involontaire,particulier,47.3798,3.1171,209.0
981,60182,Le Crocq,500000,2022,Jul,19,14,Involontaire,travaux,49.6239,2.189,168.0
982,97606,Chirongui,70000,2022,Nov,6,0,Involontaire,travaux,-12.9179,45.1428,25.0
983,97603,Bandrele,50000,2022,Oct,23,0,Involontaire,travaux,-12.9392,45.1797,25.0
984,27209,Ã‰caquelon,800000,2022,Aug,10,13,Accidentelle,NA,49.2889,0.7158,110.0
985,97423,Les Trois-Bassins,55342,2022,Dec,19,8,Malveillance,NA,-21.1138,55.3377,1505.0
986,56233,Saint-Philibert,50000,2022,Aug,6,13,Involontaire,particulier,47.5831,-3.0014,9.0
987,56054,Erdeven,340000,2022,Aug,6,16,Malveillance,NA,47.6358,-3.157,9.0
988,56132,Meucon,150000,2022,Aug,7,3,Malveillance,NA,47.7242,-2.7731,42.0
989,56126,Marzan,200000,2022,Aug,8,11,Involontaire,travaux,47.5441,-2.3599,26.0
990,61413,Saint-Lambert-sur-Dive,100000,2022,Sep,19,15,Malveillance,NA,48.8295,0.0933,155.0
991,61117,CondÃ©-sur-Sarthe,200000,2022,Sep,4,13,Malveillance,NA,48.4316,0.0319,143.0
992,61475,Soligny-la-Trappe,600000,2022,Aug,27,15,Malveillance,NA,48.6256,0.5561,240.0
993,61435,Saint-Nicolas-de-Sommaire,100000,2022,Aug,25,15,Malveillance,NA,48.814,0.5958,249.0
994,61230,Longny les Villages,150000,2022,Aug,25,12,Malveillance,NA,48.5419,0.8033,237.0
995,61346,Le Renouard,350000,2022,Aug,24,14,Malveillance,NA,48.9182,0.0946,247.0
996,61397,Saint-Germain-du-CorbÃ©is,150000,2022,Aug,23,14,Malveillance,NA,48.4178,0.0587,143.0
997,61490,Tournai-sur-Dive,110000,2022,Aug,12,15,Malveillance,NA,48.81,0.0477,155.0
998,61040,Bellou-en-Houlme,50000,2022,Aug,12,13,Malveillance,NA,48.6912,-0.4416,175.0
999,61329,Le Pin-la-Garenne,200000,2022,Aug,12,11,Malveillance,NA,48.4433,0.5494,233.0
1000,61145,Domfront en Poiraie,100000,2022,Aug,11,13,Malveillance,NA,48.5866,-0.6554,135.0
1001,61407,Sainte-Honorine-la-Chardonne,100000,2022,Aug,10,17,Malveillance,NA,48.8233,-0.4824,211.0
1002,61026,Barville,160000,2022,Aug,10,14,Malveillance,NA,48.4737,0.3449,155.0
1003,61263,MÃ©nil-Erreux,50000,2022,Aug,10,12,Malveillance,NA,48.5043,0.1844,143.0
1004,61206,L'HÃ´me-Chamondot,50000,2022,Aug,9,18,Malveillance,NA,48.6032,0.7373,217.0
1005,61020,Avoine,100000,2022,Aug,8,10,Malveillance,NA,48.6734,-0.1012,171.0
1006,61092,Chandai,205000,2022,Aug,7,13,Malveillance,NA,48.7424,0.7444,216.0
1007,61460,Sap-en-Auge,200000,2022,Aug,5,18,Malveillance,NA,48.8868,0.3196,225.0
1008,61447,Saint-Pierre-du-Regard,200000,2022,Jul,30,18,Malveillance,NA,48.8322,-0.5399,211.0
1009,61037,Bellavilliers,200000,2022,Jul,30,14,Malveillance,NA,48.4208,0.4843,168.0
1010,61061,Bretoncelles,150000,2022,Jul,27,13,Malveillance,NA,48.4388,0.9055,220.0
1011,61230,Longny les Villages,1000000,2022,Jul,26,19,Malveillance,NA,48.5419,0.8033,237.0
1012,61418,Saint-Mard-de-RÃ©no,100000,2022,Jul,26,17,Malveillance,NA,48.5091,0.6368,236.0
1013,61429,Charencey,100000,2022,Jul,26,14,Malveillance,NA,48.6394,0.7597,215.0
1014,61440,Saint-Ouen-sur-Iton,100000,2022,Jul,25,18,Malveillance,NA,48.7364,0.6736,232.0
1015,61067,Bures,400000,2022,Jul,24,21,Malveillance,NA,48.557,0.3974,200.0
1016,61440,Saint-Ouen-sur-Iton,100000,2022,Jul,21,19,Malveillance,NA,48.7364,0.6736,232.0
1017,61461,Le Sap-AndrÃ©,80000,2022,Jul,19,15,Malveillance,NA,48.8309,0.3893,297.0
1018,61240,MacÃ©,100000,2022,Jul,19,14,Malveillance,NA,48.6479,0.1372,176.0
1019,61024,Banvou,100000,2022,Jul,19,14,Malveillance,NA,48.6657,-0.5537,226.0
1020,61067,Bures,50000,2022,Jul,19,0,Malveillance,NA,48.557,0.3974,200.0
1021,61486,Tinchebray-Bocage,350000,2022,Jul,18,19,Malveillance,NA,48.7283,-0.7337,306.0
1022,61158,Faverolles,400000,2022,Jul,18,12,Malveillance,NA,48.6691,-0.2898,232.0
1023,61145,Domfront en Poiraie,50000,2022,Jul,17,15,Malveillance,NA,48.5866,-0.6554,135.0
1024,61050,Cour-Maugis sur Huisne,100000,2022,Jul,17,15,Malveillance,NA,48.4567,0.6962,236.0
1025,61248,Mantilly,50000,2022,Jul,16,19,Malveillance,NA,48.5124,-0.8179,147.0
1026,61309,Perche en NocÃ©,60000,2022,Jul,15,14,Malveillance,NA,48.3585,0.6958,233.0
1027,61421,Saint-Mars-d'Ã‰grenne,100000,2022,Jul,15,14,Malveillance,NA,48.5514,-0.7366,165.0
1028,61375,BoischamprÃ©,400000,2022,Jul,12,11,Malveillance,NA,48.6765,0.0084,180.0
1029,61081,ChaillouÃ©,100000,2022,Jul,11,15,Malveillance,NA,48.6597,0.2124,202.0
1030,61457,Saint-Symphorien-des-BruyÃ¨res,150000,2022,Jul,8,17,Malveillance,NA,48.7869,0.5634,212.0
1031,61445,Saint-Pierre-d'Entremont,300000,2022,Jul,8,17,Malveillance,NA,48.812,-0.65,170.0
1032,61050,Cour-Maugis sur Huisne,250000,2022,Jun,14,16,Malveillance,NA,48.4567,0.6962,236.0
1033,61193,La GonfriÃ¨re,300000,2022,Jun,12,18,Malveillance,NA,48.8145,0.4919,272.0
1034,61234,Lonrai,200000,2022,Jun,12,15,Malveillance,NA,48.4537,0.0379,143.0
1035,61002,AlmenÃªches,100000,2022,Jun,12,15,Malveillance,NA,48.6975,0.1242,176.0
1036,61244,MahÃ©ru,50000,2022,Mar,25,17,Malveillance,NA,48.6597,0.4392,223.0
1037,12225,Saint-Georges-de-LuzenÃ§on,62000,2022,Mar,28,13,Accidentelle,NA,44.0567,2.9875,360.0
1038,12291,VerriÃ¨res,155000,2022,Jun,15,15,Involontaire,travaux,44.2155,3.048,712.0
1039,38545,Vif,165800,2022,Aug,11,14,Malveillance,NA,45.043,5.6712,285.0
1040,12163,Murasson,307000,2022,Jun,19,17,Accidentelle,NA,43.7606,2.7767,811.0
1041,12003,Les Albres,64400,2022,Aug,8,13,Malveillance,NA,44.5401,2.1801,185.0
1042,12037,BroquiÃ¨s,60000,2022,Sep,22,15,Accidentelle,NA,44.024,2.7155,266.0
1043,38527,Vaujany,150000,2022,Jun,18,18,Naturelle,NA,45.1884,6.0995,772.0
1044,65295,Luz-Saint-Sauveur,400000,2022,Feb,8,14,Malveillance,NA,42.8357,0.0175,1210.0
1045,79111,EnsignÃ©,311000,2022,Jun,15,13,Involontaire,travaux,46.0794,-0.2597,106.0
1046,79195,Nueil-les-Aubiers,129000,2022,Jun,27,15,Involontaire,travaux,46.9391,-0.6114,200.0
1047,79016,Assais-les-Jumeaux,129000,2022,Jul,10,12,Involontaire,travaux,46.7846,-0.0692,132.0
1048,47039,BoussÃ¨s,228000,2022,Jul,19,21,Naturelle,NA,44.1589,0.0698,149.0
1049,24354,La Roche-Chalais,597000,2022,Aug,7,17,Malveillance,NA,45.1292,0.0494,29.0
1050,24273,MoliÃ¨res,122000,2022,Aug,9,13,Accidentelle,NA,44.816,0.824,140.0
1051,24165,Eygurande-et-Gardedeuil,50000,2022,Aug,4,18,Malveillance,NA,45.0788,0.1167,29.0
1052,24165,Eygurande-et-Gardedeuil,80000,2022,Aug,7,18,Malveillance,NA,45.0788,0.1167,29.0
1053,40053,Bourriot-Bergonce,60000,2022,Mar,26,15,Involontaire,particulier,44.153,-0.2091,115.0
1054,40287,Sanguinet,169660,2022,Aug,16,15,Naturelle,NA,44.4776,-1.0903,23.0
1055,40307,Sore,168180,2022,Aug,12,19,Accidentelle,NA,44.3073,-0.6021,70.0
1056,40142,Laluque,258000,2022,Oct,20,14,Accidentelle,NA,43.8533,-0.9816,77.0
1057,40167,Luxey,184110,2022,Sep,6,17,Naturelle,NA,44.2382,-0.5061,89.0
1058,40142,Laluque,326000,2022,Aug,2,14,Involontaire,travaux,43.8533,-0.9816,77.0
1059,40087,CrÃ©on-d'Armagnac,85990,2022,Aug,25,17,Naturelle,NA,43.9948,-0.0744,150.0
1060,40123,Herm,459000,2022,Sep,12,15,Accidentelle,NA,43.8013,-1.1332,26.0
1061,40217,Parentis-en-Born,118000,2022,Jul,5,16,Naturelle,NA,44.3527,-1.0879,15.0
1062,64233,Garlin,100000,2022,Sep,14,16,Involontaire,travaux,43.5578,-0.2739,130.0
1063,64217,Esquiule,150000,2022,Oct,28,19,Malveillance,NA,43.1837,-0.7141,350.0
1064,33021,Auros,105000,2022,May,11,17,Accidentelle,NA,44.5117,-0.159,114.0
1065,33348,Queyrac,194000,2022,Aug,6,19,Malveillance,NA,45.3565,-0.9952,14.0
1066,33544,Le Verdon-sur-Mer,50000,2022,Aug,10,6,Malveillance,NA,45.5573,-1.0826,12.0
1067,33322,Le Pian-MÃ©doc,50000,2022,Jul,17,3,Malveillance,NA,44.9555,-0.6737,27.0
1068,41193,Romilly,80000,2022,Jul,11,14,Involontaire,travaux,47.9517,1.0287,206.0
1069,41193,Romilly,80000,2022,Jul,11,14,Involontaire,travaux,47.9517,1.0287,206.0
1070,86086,Coussay-les-Bois,51500,2022,Jul,18,19,Involontaire,travaux,46.8111,0.7262,58.0
1071,2B210,Pero-Casevecchie,70000,2022,Jan,12,9,Malveillance,NA,42.4168,9.464,25.0
1072,7202,SabliÃ¨res,214923,2022,Jan,20,17,Involontaire,particulier,44.5451,4.0675,400.0
1073,2B135,Isolaccio-di-Fiumorbo,50000,2022,Jan,29,13,Malveillance,NA,42.0169,9.2694,198.0
1074,2B007,Albertacce,493700,2022,Feb,1,15,Involontaire,travaux,42.3145,8.9277,1074.0
1075,2B207,Penta-di-Casinca,222400,2022,Feb,1,15,Malveillance,NA,42.4565,9.4888,25.0
1076,2B095,Corscia,321000,2022,Feb,11,14,Malveillance,NA,42.3627,9.0453,1063.0
1077,34156,MÃ©rifons,82618,2022,Jan,23,11,Involontaire,travaux,43.6361,3.2849,184.0
1078,34279,Saint-Nazaire-de-Ladarez,63576,2022,Mar,24,17,Malveillance,NA,43.5206,3.0847,230.0
1079,2B235,Pioggiola,350000,2022,Feb,24,14,Malveillance,NA,42.5251,8.9696,844.0
1080,2B290,Speloncato,80000,2022,Feb,26,11,Malveillance,NA,42.5757,8.9731,844.0
1081,2B145,Loreto-di-Casinca,190000,2022,Feb,26,14,Malveillance,NA,42.4767,9.4268,25.0
1082,5004,Ancelle,339545,2022,Mar,24,10,Malveillance,NA,44.6195,6.2288,1354.0
1083,5090,La Motte-en-Champsaur,446427,2022,Mar,26,14,Malveillance,NA,44.74,6.1211,1100.0
1084,7093,Genestelle,170980,2022,Jan,26,12,Involontaire,particulier,44.7401,4.3915,428.0
1085,2B290,Speloncato,112000,2022,Mar,12,10,Malveillance,NA,42.5757,8.9731,844.0
1086,2B223,Pietralba,56000,2022,Mar,24,9,Malveillance,NA,42.5427,9.1778,510.0
1087,6153,Valdeblore,396400,2022,Mar,24,10,Involontaire,travaux,44.1152,7.1949,1058.0
1088,4019,Barcelonnette,350000,2022,Mar,26,14,Involontaire,particulier,44.3751,6.6463,2100.0
1089,4170,La Rochette,867100,2022,Apr,8,13,Malveillance,NA,43.9097,6.875,860.0
1090,13005,Aubagne,120000,2022,Mar,26,15,Involontaire,particulier,43.2904,5.5643,105.0
1091,30325,SumÃ¨ne,190184,2022,Apr,14,14,Accidentelle,NA,43.9903,3.7407,252.0
1092,83044,Comps-sur-Artuby,273000,2022,Apr,9,16,Involontaire,particulier,43.7075,6.506,884.0
1093,4018,Banon,59700,2022,Apr,18,12,Involontaire,particulier,44.0244,5.6496,747.0
1094,2A117,Forciolo,73000,2022,Mar,25,18,Involontaire,travaux,41.8463,9.0155,541.0
1095,2A031,Bastelica,77000,2022,Apr,13,12,Involontaire,travaux,41.9781,9.0553,661.0
1096,34214,Pouzolles,97231,2022,Jan,28,16,Involontaire,travaux,43.478,3.2727,73.0
1097,48119,PrÃ©venchÃ¨res,80000,2022,Jan,26,15,Involontaire,travaux,44.5144,3.9119,900.0
1098,48116,Pont de Montvert - Sud Mont LozÃ¨re,200000,2022,Jan,27,14,Involontaire,travaux,44.3684,3.7777,1000.0
1099,66127,Opoul-PÃ©rillos,80000,2022,May,18,13,Involontaire,travaux,42.8817,2.8601,120.0
1100,2B046,Cagnano,339800,2022,Apr,12,12,Malveillance,NA,42.8725,9.4431,278.0
1101,2B184,Olcani,96300,2022,Apr,16,16,Malveillance,NA,42.8074,9.3861,140.0
1102,2B058,Canari,239000,2022,Apr,18,13,Malveillance,NA,42.8393,9.3505,140.0
1103,2B301,San-Gavino-di-Tenda,116000,2022,Apr,18,14,Malveillance,NA,42.6448,9.1688,480.0
1104,13117,Vitrolles,70000,2022,Jun,9,14,Malveillance,NA,43.4509,5.2655,9.0
1105,13044,Grans,50000,2022,Jun,9,16,Involontaire,particulier,43.6172,5.0431,58.0
1106,66014,Baixas,293800,2022,Jun,12,14,Malveillance,NA,42.744,2.8079,42.0
1107,30041,Blauzac,179700,2022,Jun,13,15,Involontaire,particulier,43.9667,4.3727,59.0
1108,30145,LÃ©denon,376800,2022,Jun,13,14,Accidentelle,NA,43.9104,4.5194,24.0
1109,13067,Orgon,99900,2022,Jun,15,13,Involontaire,particulier,43.7844,5.0294,250.0
1110,48145,Saint-Denis-en-Margeride,60000,2022,Mar,1,11,Involontaire,travaux,44.7377,3.4717,1418.0
1111,48049,Chirac,50000,2022,Mar,6,19,Involontaire,travaux,44.5333,3.2667,746.0
1112,48040,ChasseradÃ¨s,60000,2022,Mar,7,19,Involontaire,particulier,44.55,3.8167,900.0
1113,34118,Guzargues,329248,2022,Jun,17,15,Accidentelle,NA,43.728,3.923,65.0
1114,34268,Saint-Jean-de-la-BlaquiÃ¨re,146953,2022,Jun,17,16,Malveillance,NA,43.7077,3.4304,110.0
1115,66093,Laroque-des-AlbÃ¨res,101000,2022,Jun,23,14,Malveillance,NA,42.5179,2.9314,28.0
1116,26146,Grignan,363463,2022,Jun,18,11,Malveillance,NA,44.4395,4.9032,206.0
1117,26295,Saint-BarthÃ©lemy-de-Vals,110000,2022,Jun,19,13,Malveillance,NA,45.1607,4.8706,203.0
1118,2B314,Santo-Pietro-di-Tenda,350000,2022,Jun,7,14,Involontaire,travaux,42.6677,9.1995,480.0
1119,2B354,Vivario,261600,2022,Jun,8,23,Malveillance,NA,42.1429,9.1139,986.0
1120,2B123,Ghisonaccia,57000,2022,Jun,10,18,Malveillance,NA,42.0454,9.4192,61.0
1121,2B029,Barbaggio,53000,2022,Jun,12,11,Malveillance,NA,42.6826,9.3636,300.0
1122,2B143,Linguizzetta,730000,2022,Jun,13,12,Involontaire,particulier,42.2144,9.5015,78.0
1123,2B123,Ghisonaccia,235900,2022,Jun,21,11,Involontaire,travaux,42.0454,9.4192,61.0
1124,2B009,AlÃ©ria,300000,2022,Jun,24,12,Involontaire,travaux,42.0993,9.4972,41.0
1125,2B341,Venaco,50000,2022,Jun,23,1,Malveillance,NA,42.2129,9.1455,630.0
1126,2B352,Ville-di-Paraso,81000,2022,Jun,26,13,Malveillance,NA,42.5845,8.9917,844.0
1127,83124,Seillans,150000,2022,Jun,11,12,Involontaire,travaux,43.6326,6.6024,372.0
1128,30319,Serviers-et-Labaume,772400,2022,Jun,13,15,Involontaire,travaux,44.0409,4.3377,603.0
1129,66164,Rivesaltes,55000,2022,Jun,28,11,Malveillance,NA,42.7761,2.8769,42.0
1130,66041,Cases-de-PÃ¨ne,66300,2022,Jun,28,18,Malveillance,NA,42.7931,2.7771,182.0
1131,66108,Millas,661500,2022,Jun,29,15,Malveillance,NA,42.6966,2.6865,103.0
1132,30169,Milhaud,138303,2022,Jul,8,0,Accidentelle,NA,43.7831,4.3081,24.0
1133,34295,Saussan,121971,2022,Jul,1,16,Malveillance,NA,43.5685,3.7829,45.0
1134,34285,Saint-Pons-de-Mauchiens,116264,2022,Jul,5,18,Malveillance,NA,43.5102,3.5136,22.0
1135,7040,Boucieu-le-Roi,65000,2022,Jun,20,17,Accidentelle,NA,45.0287,4.6877,566.0
1136,48146,Gorges du Tarn Causses,370000,2022,Jul,19,13,Involontaire,travaux,44.3635,3.4574,618.0
1137,48022,BÃ©douÃ¨s,120000,2022,Jul,20,16,Involontaire,travaux,44.35,3.6,618.0
1138,4179,48022,210000,2022,Jul,19,16,Naturelle,NA,44.2368,6.0526,1070.0
1139,2B079,Castello-di-Rostino,148000,2022,Jul,24,14,Malveillance,NA,42.4732,9.2967,499.0
1140,2B341,Venaco,300900,2022,Jul,28,13,Malveillance,NA,42.2129,9.1455,630.0
1141,2B007,Albertacce,219000,2022,Jul,28,16,Malveillance,NA,42.3145,8.9277,1074.0
1142,2B314,Santo-Pietro-di-Tenda,300000,2022,Aug,1,8,Malveillance,NA,42.6677,9.1995,480.0
1143,34329,Vendres,138560,2022,Jul,26,18,Malveillance,NA,43.2569,3.2305,12.0
1144,34221,PuÃ©chabon,154863,2022,Jul,26,21,Malveillance,NA,43.7238,3.604,58.0
1145,34230,Les Rives,291900,2022,Jul,28,13,Naturelle,NA,43.8562,3.2635,729.0
1146,34162,Montagnac,130122,2022,Aug,2,15,Malveillance,NA,43.4709,3.5067,22.0
1147,6077,LucÃ©ram,63000,2022,Jul,31,17,Accidentelle,NA,43.8997,7.3506,1420.0
1148,48148,Saint-Ã‰tienne-VallÃ©e-FranÃ§aise,150000,2022,Aug,2,17,Accidentelle,NA,44.1736,3.8492,518.0
1149,66193,Serdinya,973700,2022,Jul,23,14,Involontaire,particulier,42.5736,2.324,457.0
1150,7330,Vallon-Pont-d'Arc,732400,2022,Jul,18,14,Malveillance,NA,44.3982,4.4024,120.0
1151,7134,Laurac-en-Vivarais,713800,2022,Jul,22,16,Malveillance,NA,44.5051,4.2875,220.0
1152,7077,Darbres,180000,2022,Jul,27,10,Malveillance,NA,44.6597,4.5216,740.0
1153,83076,Mazaugues,343300,2022,Jul,31,13,Involontaire,travaux,43.3435,5.8899,300.0
1154,66214,Tresserre,50000,2022,Jul,30,21,Accidentelle,NA,42.5559,2.842,148.0
1155,34318,VacquiÃ¨res,321000,2022,Aug,6,15,Involontaire,particulier,43.8286,3.953,67.0
1156,4086,Faucon-de-Barcelonnette,97000,2022,Feb,8,11,Involontaire,particulier,44.4137,6.684,1510.0
1157,4209,Sisteron,62300,2022,Feb,9,14,Involontaire,particulier,44.1993,5.9276,485.0
1158,48028,Les Bondons,290000,2022,Aug,5,18,Naturelle,NA,44.3992,3.6364,903.0
1159,34087,Cournonsec,69233,2022,Jul,10,11,Involontaire,particulier,43.5395,3.7024,34.0
1160,34209,Portiragnes,115995,2022,Jul,20,11,Involontaire,travaux,43.3025,3.3458,15.0
1161,48015,Pied-de-Borne,100000,2022,Aug,12,17,Accidentelle,NA,44.4839,3.9685,803.0
1162,6002,Amirat,120000,2022,Aug,6,17,Naturelle,NA,43.8973,6.8108,1525.0
1163,2A099,Cozzano,51000,2022,Aug,7,16,Naturelle,NA,41.932,9.1848,928.0
1164,7085,Empurany,121000,2022,Aug,10,14,Accidentelle,NA,45.0254,4.5968,367.0
1165,7129,Lamastre,105000,2022,Aug,13,11,Malveillance,NA,44.9767,4.5911,367.0
1166,30295,Saint-Quentin-la-Poterie,512700,2022,Jul,24,16,Malveillance,NA,44.0582,4.441,135.0
1167,34235,Rosis,71168,2022,Aug,7,16,Malveillance,NA,43.6295,2.9989,900.0
1168,34019,AvÃ¨ne,362900,2022,Aug,7,16,Accidentelle,NA,43.7513,3.1107,435.0
1169,66141,Pia,58000,2022,Aug,7,14,Malveillance,NA,42.7506,2.9172,42.0
1170,13112,Velaux,95400,2022,Jul,3,16,Involontaire,particulier,43.5215,5.246,198.0
1171,13056,Martigues,83100,2022,Jul,8,16,Involontaire,particulier,43.3839,5.0451,12.0
1172,13098,Saint-Mitre-les-Remparts,248600,2022,Jul,8,2,Malveillance,NA,43.4565,5.0152,4.0
1173,13106,SeptÃ¨mes-les-Vallons,349990,2022,Jul,31,16,Accidentelle,NA,43.3931,5.3828,209.0
1174,13019,CabriÃ¨s,50000,2022,Aug,2,16,Accidentelle,NA,43.453,5.3467,163.0
1175,13097,Saint-Martin-de-Crau,948280,2022,Aug,22,15,Malveillance,NA,43.6074,4.8688,12.0
1176,4039,Castellane,289400,2022,Feb,10,15,Involontaire,particulier,43.8485,6.4871,729.0
1177,7161,Montpezat-sous-Bauzon,248000,2022,Aug,28,0,Malveillance,NA,44.7214,4.1977,602.0
1178,7028,Beaulieu,80000,2022,Sep,1,11,Naturelle,NA,44.3575,4.2553,251.0
1179,48050,BÃ©douÃ¨s-CocurÃ¨s,60000,2022,Sep,18,15,Accidentelle,NA,44.348,3.6415,903.0
1180,11095,Comigne,285519,2022,Aug,29,12,Involontaire,particulier,43.1651,2.5851,130.0
1181,6163,Tende,68800,2022,Sep,19,11,Involontaire,travaux,44.0971,7.5499,1279.0
1182,6104,Roquebrune-Cap-Martin,71000,2022,Sep,9,23,Involontaire,travaux,43.7638,7.4576,75.0
1183,2B185,Oletta,80000,2022,Oct,5,14,Malveillance,NA,42.6451,9.3453,54.0
1184,66046,CaudiÃ¨s-de-FenouillÃ¨des,811900,2022,Aug,15,2,Malveillance,NA,42.8213,2.3781,347.0
1185,66148,Port-Vendres,64000,2022,Sep,3,2,Accidentelle,NA,42.5034,3.1048,72.0
1186,2B292,Sant'AndrÃ©a-di-Bozio,55000,2022,Oct,22,13,Malveillance,NA,42.2767,9.2792,179.0
1187,2B292,Sant'AndrÃ©a-di-Bozio,102070,2022,Oct,24,12,Malveillance,NA,42.2767,9.2792,179.0
1188,2B055,Campitello,177900,2022,Oct,28,15,Malveillance,NA,42.5272,9.3279,484.0
1189,26367,Venterol,200000,2022,Jul,18,16,Malveillance,NA,44.3971,5.0995,270.0
1190,11132,Fabrezan,54800,2022,Nov,20,14,Involontaire,travaux,43.1282,2.7139,85.0
1191,7315,La Souche,50000,2022,Jan,16,16,Involontaire,particulier,44.6258,4.1565,600.0
1192,84091,Piolenc,264600,2022,Jul,1,14,Involontaire,particulier,44.1784,4.7587,55.0
1193,30337,Vallabrix,54745,2022,Jul,24,17,Accidentelle,NA,44.0647,4.4851,135.0
1194,2A031,Bastelica,50000,2022,Jan,30,16,Involontaire,travaux,41.9781,9.0553,661.0
1195,4090,Le Fugeret,221200,2022,Jan,16,13,Involontaire,travaux,44.0183,6.6627,1090.0
1196,4061,Colmars,105700,2022,Jan,17,11,Involontaire,particulier,44.1602,6.6585,1642.0
1197,2A024,AullÃ¨ne,387700,2022,Feb,24,17,Malveillance,NA,41.811,9.0929,1018.0
1198,6153,Valdeblore,70000,2022,Feb,26,14,Involontaire,particulier,44.1152,7.1949,1058.0
1199,7226,Saint-ClÃ©ment,94600,2022,Feb,18,16,Involontaire,particulier,44.9502,4.2623,1190.0
1200,7200,Le Roux,134800,2022,Feb,26,16,Involontaire,particulier,44.7201,4.1409,1185.0
1201,50041,La Hague,390000,2022,Jul,17,2,Malveillance,NA,49.6547,-1.8214,140.0
1202,50041,La Hague,60000,2022,Jul,17,23,Malveillance,NA,49.6547,-1.8214,140.0
