id,code_INSEE,surface_parcourue_m2,annee,mois,jour,heure,nature_inc_prim,nature_inc_sec,altitude_med,altitude_zone
1,43192,72000.0,2012,Feb,28,13,Involontaire,particulier,1150.0,Haute
2,15095,150000.0,2012,Feb,29,13,Involontaire,travaux,940.0,Basse
3,15205,300000.0,2012,Mar,2,13,Involontaire,particulier,940.0,Basse
4,15187,70000.0,2012,Mar,2,13,Involontaire,particulier,975.0,Basse
5,15029,80000.0,2012,Mar,8,11,Involontaire,particulier,439.0,Basse
6,15229,50000.0,2012,Mar,14,19,Accidentelle,NA,805.0,Basse
7,12099,75000.0,2012,Mar,1,16,Involontaire,particulier,510.0,Basse
8,12240,75000.0,2012,Mar,2,14,Involontaire,particulier,260.0,Basse
9,15038,180000.0,2012,Mar,16,13,Malveillance,NA,655.0,Basse
10,15015,50000.0,2012,Mar,17,8,Accidentelle,NA,910.0,Basse
11,38138,50000.0,2012,Mar,2,16,Malveillance,NA,250.0,Basse
12,58003,70000.0,2012,Mar,27,21,Involontaire,travaux,600.0,Basse
13,12096,50000.0,2012,Mar,23,19,Involontaire,particulier,359.0,Basse
14,12147,50000.0,2012,Mar,14,15,Involontaire,particulier,510.0,Basse
15,15166,50000.0,2012,Mar,28,13,Involontaire,travaux,705.0,Basse
16,15083,60000.0,2012,Mar,29,15,Involontaire,travaux,630.0,Basse
17,38523,50000.0,2012,Mar,26,11,Malveillance,NA,630.0,Basse
18,12130,650000.0,2012,Mar,28,12,Involontaire,particulier,185.0,Basse
19,15207,100000.0,2012,Apr,2,15,Involontaire,travaux,805.0,Basse
20,97411,150000.0,2012,Sep,16,11,Malveillance,NA,1069.0,Haute
21,97411,85000.0,2012,Oct,27,11,Malveillance,NA,1069.0,Haute
22,40184,162907.0,2012,Aug,16,15,Accidentelle,NA,26.0,Basse
23,40040,153000.0,2012,Feb,28,14,Involontaire,particulier,80.0,Basse
24,33329,119800.0,2012,Sep,20,16,Involontaire,travaux,96.0,Basse
25,16384,50000.0,2012,Jun,25,2,Accidentelle,NA,95.0,Basse
26,34235,74000.0,2012,Feb,22,21,Malveillance,NA,900.0,Basse
27,34178,83300.0,2012,Feb,20,15,Malveillance,NA,140.0,Basse
28,2B251,200000.0,2012,Jan,6,12,Malveillance,NA,82.0,Basse
29,4093,182000.0,2012,Feb,19,13,Involontaire,particulier,1020.0,Haute
30,66072,50000.0,2012,Feb,29,15,Involontaire,travaux,1600.0,Haute
31,30090,102800.0,2012,Feb,9,12,Involontaire,particulier,470.0,Basse
32,7194,86000.0,2012,Mar,2,17,Involontaire,travaux,216.0,Basse
33,7114,120000.0,2012,Mar,3,10,Involontaire,travaux,1055.0,Haute
34,7263,166000.0,2012,Mar,3,14,Involontaire,travaux,500.0,Basse
35,34316,55000.0,2012,Feb,23,15,Involontaire,travaux,110.0,Basse
36,34016,150000.0,2012,Mar,8,7,Malveillance,NA,50.0,Basse
37,34286,100000.0,2012,Mar,10,14,Malveillance,NA,620.0,Basse
38,34341,101100.0,2012,Mar,9,15,Involontaire,travaux,34.0,Basse
39,4229,68000.0,2012,Feb,23,12,Involontaire,travaux,520.0,Basse
40,11251,64200.0,2012,Feb,29,13,Involontaire,travaux,240.0,Basse
41,34143,320000.0,2012,Mar,8,14,Accidentelle,NA,73.0,Basse
42,34286,190200.0,2012,Mar,10,14,Malveillance,NA,620.0,Basse
43,7202,450000.0,2012,Mar,15,15,Involontaire,particulier,400.0,Basse
44,7136,76000.0,2012,Mar,15,17,Involontaire,travaux,912.0,Basse
45,6042,518181.0,2012,Jan,17,13,Involontaire,travaux,630.0,Basse
46,6116,120500.0,2012,Mar,16,10,Involontaire,travaux,1070.0,Haute
47,2B049,50000.0,2012,Mar,11,17,Malveillance,NA,547.0,Basse
48,48119,50000.0,2012,Feb,21,14,Involontaire,travaux,900.0,Basse
49,66179,70000.0,2012,Mar,24,13,Involontaire,travaux,725.0,Basse
50,66016,50000.0,2012,Mar,25,12,Involontaire,travaux,72.0,Basse
51,7045,590000.0,2012,Mar,27,16,Malveillance,NA,602.0,Basse
52,5033,223300.0,2012,Mar,11,13,Involontaire,particulier,815.0,Basse
53,7153,114000.0,2012,Mar,28,20,Malveillance,NA,550.0,Basse
54,11265,53200.0,2012,Mar,29,13,Malveillance,NA,980.0,Basse
55,83007,50000.0,2012,Mar,28,17,Involontaire,travaux,390.0,Basse
56,48022,60000.0,2012,Mar,16,15,Involontaire,travaux,618.0,Basse
57,48097,50000.0,2012,Mar,1,11,Involontaire,travaux,650.0,Basse
58,48186,60000.0,2012,Feb,26,14,Involontaire,particulier,618.0,Basse
59,30062,70606.0,2012,Apr,2,14,Malveillance,NA,12.0,Basse
60,4039,50000.0,2012,Feb,29,15,Involontaire,travaux,729.0,Basse
61,83114,60475.0,2012,May,5,17,Naturelle,NA,348.0,Basse
62,34169,76600.0,2012,May,13,15,Involontaire,particulier,45.0,Basse
63,7147,80000.0,2012,May,17,18,Naturelle,NA,400.0,Basse
64,2A324,153000.0,2012,Mar,10,13,Malveillance,NA,671.0,Basse
65,2A139,147300.0,2012,Mar,10,14,Involontaire,particulier,88.0,Basse
66,2B096,70000.0,2012,Jun,13,13,Malveillance,NA,1372.0,Haute
67,2B080,260200.0,2012,Jul,1,11,Accidentelle,NA,560.0,Basse
68,66207,100000.0,2012,Jun,25,14,Accidentelle,NA,200.0,Basse
69,66056,50000.0,2012,Jun,25,14,Accidentelle,NA,180.0,Basse
70,66088,70000.0,2012,Jun,25,17,Involontaire,particulier,158.0,Basse
71,2B058,50000.0,2012,Jun,23,15,Involontaire,travaux,140.0,Basse
72,34339,140000.0,2012,Jun,23,14,Involontaire,particulier,219.0,Basse
73,83150,50000.0,2012,Jul,11,14,Involontaire,travaux,271.0,Basse
74,2B185,60000.0,2012,Jul,12,10,Malveillance,NA,54.0,Basse
75,2B079,185100.0,2012,Jul,13,12,Malveillance,NA,499.0,Basse
76,2B110,150067.0,2012,Jul,13,13,Malveillance,NA,350.0,Basse
77,11097,267000.0,2012,Jul,13,15,Involontaire,travaux,222.0,Basse
78,66004,300000.0,2012,Jul,4,10,Naturelle,NA,2017.0,Haute
79,66021,100000.0,2012,Jul,16,13,Involontaire,travaux,7.0,Basse
80,2B112,650000.0,2012,Jul,15,19,Malveillance,NA,450.0,Basse
81,11396,672258.0,2012,Jul,19,11,Involontaire,travaux,125.0,Basse
82,11069,95300.0,2012,Jul,21,17,Malveillance,NA,128.0,Basse
83,4070,50000.0,2012,Jun,22,14,Involontaire,particulier,595.0,Basse
84,2B185,59000.0,2012,Jul,25,16,Malveillance,NA,54.0,Basse
85,34038,130000.0,2012,Feb,8,16,Involontaire,particulier,249.0,Basse
86,48070,350000.0,2012,Apr,28,18,Accidentelle,NA,1260.0,Haute
87,2B185,60000.0,2012,Jul,30,12,Malveillance,NA,54.0,Basse
88,2B185,60000.0,2012,Jul,30,15,Malveillance,NA,54.0,Basse
89,2B049,60000.0,2012,Aug,4,15,Malveillance,NA,547.0,Basse
90,13067,74000.0,2012,Jul,16,18,Malveillance,NA,250.0,Basse
91,13001,180000.0,2012,Jul,23,15,Malveillance,NA,215.0,Basse
92,11262,582300.0,2012,Aug,9,16,Accidentelle,NA,13.0,Basse
93,34186,52000.0,2012,Feb,21,20,Involontaire,travaux,184.0,Basse
94,11285,71100.0,2012,Aug,13,16,Malveillance,NA,13.0,Basse
95,34032,54000.0,2012,Jun,25,15,Accidentelle,NA,50.0,Basse
96,2B185,90000.0,2012,Aug,20,12,Malveillance,NA,54.0,Basse
97,7038,500000.0,2012,Aug,21,17,Naturelle,NA,1230.0,Haute
98,7147,80000.0,2012,Aug,21,7,Accidentelle,NA,400.0,Basse
99,48148,50000.0,2012,Feb,15,15,Involontaire,particulier,518.0,Basse
100,66137,120000.0,2012,Jul,22,13,Malveillance,NA,295.0,Basse
101,34165,414500.0,2012,Aug,18,16,Malveillance,NA,34.0,Basse
102,66141,140000.0,2012,Jul,28,16,Accidentelle,NA,42.0,Basse
103,66069,50000.0,2012,Aug,12,4,Malveillance,NA,42.0,Basse
104,83099,254000.0,2012,Aug,31,14,Involontaire,particulier,7.0,Basse
105,34061,230000.0,2012,Aug,28,1,Malveillance,NA,140.0,Basse
106,66030,50000.0,2012,Aug,14,10,Malveillance,NA,182.0,Basse
107,66214,160000.0,2012,Aug,17,13,Accidentelle,NA,148.0,Basse
108,66005,630000.0,2012,Aug,24,13,Involontaire,particulier,1600.0,Haute
109,66088,50000.0,2012,Sep,10,2,Malveillance,NA,158.0,Basse
110,66227,150000.0,2012,Sep,13,20,Accidentelle,NA,13.0,Basse
111,11397,143800.0,2012,Sep,14,13,Involontaire,particulier,136.0,Basse
112,66147,50000.0,2012,Jul,18,15,Naturelle,NA,1975.0,Haute
113,4163,297000.0,2012,Jul,18,18,Involontaire,travaux,804.0,Basse
114,4156,264000.0,2012,Jul,26,15,Involontaire,travaux,473.0,Basse
115,13112,320000.0,2012,Sep,13,17,Malveillance,NA,198.0,Basse
116,5024,400000.0,2012,Aug,27,13,Naturelle,NA,786.0,Basse
117,7210,70000.0,2012,Feb,22,17,Involontaire,particulier,600.0,Basse
118,2A004,438000.0,2012,Aug,31,16,Malveillance,NA,86.0,Basse
119,2A004,50000.0,2012,Sep,2,16,Malveillance,NA,86.0,Basse
120,66150,90000.0,2012,Nov,13,10,Involontaire,travaux,725.0,Basse
121,7266,230000.0,2012,Feb,23,13,Involontaire,particulier,803.0,Basse
122,6057,52400.0,2012,Feb,20,13,Involontaire,travaux,340.0,Basse
123,22233,200000.0,2013,May,9,16,Accidentelle,NA,78.0,Basse
124,17110,90000.0,2013,Jun,3,13,Accidentelle,NA,66.0,Basse
125,12275,120000.0,2013,Jul,13,13,Involontaire,travaux,435.0,Basse
126,43220,124000.0,2013,Sep,4,14,Involontaire,particulier,593.0,Basse
127,65066,500000.0,2013,Apr,14,14,Involontaire,travaux,767.0,Basse
128,82038,70000.0,2013,Apr,17,16,Accidentelle,NA,220.0,Basse
129,33230,344800.0,2013,Mar,4,15,Involontaire,travaux,66.0,Basse
130,24263,220000.0,2013,Mar,5,14,Accidentelle,NA,189.0,Basse
131,34305,104300.0,2013,Apr,25,15,Involontaire,travaux,930.0,Basse
132,2B034,60000.0,2013,Jun,23,16,Involontaire,particulier,844.0,Basse
133,2B350,60000.0,2013,Jun,29,14,Malveillance,NA,70.0,Basse
134,66048,300000.0,2013,Feb,3,16,Accidentelle,NA,72.0,Basse
135,4023,153000.0,2013,Mar,4,0,Involontaire,travaux,886.0,Basse
136,4023,87000.0,2013,Mar,4,0,Involontaire,travaux,886.0,Basse
137,2B167,175800.0,2013,Jul,12,11,Malveillance,NA,450.0,Basse
138,30032,72745.0,2013,Jul,17,13,Accidentelle,NA,18.0,Basse
139,2B185,118300.0,2013,Jul,25,11,Malveillance,NA,54.0,Basse
140,34218,58000.0,2013,Jul,25,10,Involontaire,travaux,130.0,Basse
141,2B123,60000.0,2013,Aug,2,15,Malveillance,NA,61.0,Basse
142,2B185,144800.0,2013,Aug,4,12,Malveillance,NA,54.0,Basse
143,30032,62659.0,2013,Jul,23,21,Malveillance,NA,18.0,Basse
144,11122,153000.0,2013,Aug,9,16,Involontaire,particulier,130.0,Basse
145,66186,70000.0,2013,Aug,10,13,Malveillance,NA,13.0,Basse
146,2B123,60000.0,2013,Aug,20,12,Malveillance,NA,61.0,Basse
147,2B350,557600.0,2013,Aug,20,11,Malveillance,NA,70.0,Basse
148,2B205,99200.0,2013,Aug,25,16,Involontaire,travaux,300.0,Basse
149,34323,65200.0,2013,Aug,27,18,Malveillance,NA,200.0,Basse
150,30033,146571.0,2013,Sep,1,10,Malveillance,NA,24.0,Basse
151,34147,78000.0,2013,Sep,1,16,Involontaire,particulier,93.0,Basse
152,2B337,230500.0,2013,Sep,4,14,Malveillance,NA,198.0,Basse
153,66205,190000.0,2013,Aug,24,17,Malveillance,NA,182.0,Basse
154,2B187,50000.0,2013,Sep,13,12,Malveillance,NA,140.0,Basse
155,2B143,80000.0,2013,Sep,14,18,Malveillance,NA,78.0,Basse
156,2B185,111400.0,2013,Sep,17,7,Malveillance,NA,54.0,Basse
157,2B298,50000.0,2013,Sep,17,7,Malveillance,NA,300.0,Basse
158,2B185,60000.0,2013,Sep,17,11,Malveillance,NA,54.0,Basse
159,34281,681500.0,2013,Sep,20,5,Malveillance,NA,38.0,Basse
160,7334,300000.0,2013,Sep,19,15,Involontaire,travaux,275.0,Basse
161,34026,220000.0,2013,Sep,19,18,Malveillance,NA,86.0,Basse
162,66145,70000.0,2013,Sep,20,3,Involontaire,particulier,80.0,Basse
163,11262,916000.0,2013,Sep,19,12,Accidentelle,NA,13.0,Basse
164,2B188,87000.0,2013,Oct,1,11,Malveillance,NA,54.0,Basse
165,2B287,560000.0,2013,Oct,4,10,Malveillance,NA,480.0,Basse
166,66016,50000.0,2013,Oct,9,10,Involontaire,travaux,72.0,Basse
167,2B167,60000.0,2013,Oct,11,16,Involontaire,particulier,450.0,Basse
168,66136,60000.0,2013,Oct,23,14,Malveillance,NA,42.0,Basse
169,13002,114000.0,2013,Oct,22,19,Malveillance,NA,143.0,Basse
170,2B049,384300.0,2013,Nov,3,12,Malveillance,NA,547.0,Basse
171,2B184,156900.0,2013,Nov,7,17,Involontaire,travaux,140.0,Basse
172,2B043,191200.0,2013,Nov,9,20,Accidentelle,NA,111.0,Basse
173,11269,51800.0,2013,Mar,15,10,Involontaire,particulier,31.0,Basse
174,34289,78400.0,2013,Nov,14,14,Malveillance,NA,40.0,Basse
175,34168,54000.0,2013,Nov,30,7,Malveillance,NA,122.0,Basse
176,6153,57500.0,2013,Dec,13,14,Malveillance,NA,1058.0,Haute
177,13065,63000.0,2013,Dec,6,18,Accidentelle,NA,12.0,Basse
178,2B188,70000.0,2013,Dec,31,14,Malveillance,NA,54.0,Basse
179,83140,110000.0,2013,Apr,13,14,Involontaire,particulier,300.0,Basse
180,4217,135600.0,2013,Mar,4,13,Involontaire,travaux,1070.0,Haute
181,66080,50000.0,2013,Apr,23,11,Involontaire,travaux,1330.0,Haute
182,65352,150000.0,2014,Mar,20,14,Involontaire,travaux,446.0,Basse
183,15251,60000.0,2014,Mar,20,17,Accidentelle,NA,1134.0,Haute
184,15149,60000.0,2014,Mar,20,19,Involontaire,travaux,930.0,Basse
185,41018,50000.0,2014,Sep,11,19,Malveillance,NA,73.0,Basse
186,33095,270000.0,2014,Aug,8,15,Naturelle,NA,96.0,Basse
187,33095,1000000.0,2014,Apr,23,16,Involontaire,particulier,96.0,Basse
188,33212,60000.0,2014,Mar,11,12,Involontaire,particulier,114.0,Basse
189,40046,105000.0,2014,Oct,2,14,Involontaire,travaux,35.0,Basse
190,40244,280000.0,2014,Jun,28,15,Involontaire,particulier,26.0,Basse
191,6074,700300.0,2014,Mar,17,10,Malveillance,NA,485.0,Basse
192,6082,172200.0,2014,Apr,9,13,Involontaire,particulier,630.0,Basse
193,30105,119728.0,2014,Apr,7,23,Malveillance,NA,1107.0,Haute
194,4097,52000.0,2014,Mar,18,14,Involontaire,travaux,920.0,Basse
195,66190,200000.0,2014,Feb,13,19,Involontaire,particulier,7.0,Basse
196,34061,105000.0,2014,Mar,30,12,Involontaire,travaux,140.0,Basse
197,34158,60000.0,2014,Mar,15,8,Malveillance,NA,372.0,Basse
198,34045,81600.0,2014,Apr,29,12,Involontaire,particulier,200.0,Basse
199,30091,294471.0,2014,May,13,14,Malveillance,NA,41.0,Basse
200,34170,92000.0,2014,Feb,23,14,Involontaire,particulier,31.0,Basse
201,11296,50714.0,2014,May,30,12,Involontaire,particulier,80.0,Basse
202,2B030,196367.0,2014,May,24,16,Malveillance,NA,354.0,Basse
203,2B183,305959.0,2014,Jun,4,13,Malveillance,NA,140.0,Basse
204,66190,60000.0,2014,Jun,14,16,Involontaire,particulier,7.0,Basse
205,2B034,184082.0,2014,Jun,20,16,Involontaire,travaux,844.0,Basse
206,11351,57902.0,2014,Jun,29,14,Involontaire,particulier,185.0,Basse
207,2B314,683810.0,2014,Jul,3,15,Involontaire,travaux,480.0,Basse
208,2B314,352974.0,2014,Jul,5,14,Involontaire,travaux,480.0,Basse
209,34178,77000.0,2014,May,14,14,Involontaire,particulier,140.0,Basse
210,34025,51000.0,2014,May,29,16,Involontaire,travaux,50.0,Basse
211,2A272,90000.0,2014,Jun,28,14,Involontaire,travaux,62.0,Basse
212,2A048,280000.0,2014,Jun,28,14,Malveillance,NA,317.0,Basse
213,2B037,140500.0,2014,Jul,22,13,Involontaire,particulier,37.0,Basse
214,34302,122700.0,2014,Aug,1,16,Malveillance,NA,131.0,Basse
215,7322,60000.0,2014,Mar,12,16,Malveillance,NA,420.0,Basse
216,2B170,60000.0,2014,Mar,10,12,Malveillance,NA,190.0,Basse
217,2B316,95770.0,2014,Aug,15,8,Malveillance,NA,296.0,Basse
218,34113,365000.0,2014,Jul,31,16,Involontaire,particulier,34.0,Basse
219,7003,50000.0,2014,Mar,13,14,Involontaire,particulier,428.0,Basse
220,34123,605000.0,2014,May,13,11,Involontaire,particulier,100.0,Basse
221,2A269,330000.0,2014,Aug,15,16,Involontaire,particulier,397.0,Basse
222,34341,68000.0,2014,Aug,23,21,Malveillance,NA,34.0,Basse
223,2B283,304678.0,2014,Aug,15,16,Involontaire,particulier,397.0,Basse
224,34302,195800.0,2014,Aug,29,12,Malveillance,NA,131.0,Basse
225,34116,70000.0,2014,Aug,28,17,Malveillance,NA,100.0,Basse
226,34074,230000.0,2014,Aug,27,12,Involontaire,particulier,97.0,Basse
227,2B123,847798.0,2014,Aug,15,16,Malveillance,NA,61.0,Basse
228,11260,50700.0,2014,Sep,1,14,Malveillance,NA,538.0,Basse
229,34313,52000.0,2014,Sep,6,15,Involontaire,particulier,46.0,Basse
230,2A048,61000.0,2014,Aug,30,13,Malveillance,NA,317.0,Basse
231,2A139,930000.0,2014,Sep,1,2,Malveillance,NA,88.0,Basse
232,2B079,174142.0,2014,Sep,13,11,Malveillance,NA,499.0,Basse
233,66108,200000.0,2014,Sep,17,17,Involontaire,travaux,103.0,Basse
234,34226,130000.0,2014,Sep,26,13,Involontaire,particulier,130.0,Basse
235,2A254,160000.0,2014,Sep,27,12,Malveillance,NA,1212.0,Haute
236,2A004,109000.0,2014,Sep,28,18,Malveillance,NA,86.0,Basse
237,2B049,69664.0,2014,Oct,5,18,Malveillance,NA,547.0,Basse
238,2B287,98454.0,2014,Oct,10,12,Malveillance,NA,480.0,Basse
239,7210,300000.0,2014,Mar,19,11,Involontaire,travaux,600.0,Basse
240,34225,58000.0,2014,Oct,24,3,Malveillance,NA,83.0,Basse
241,66072,100000.0,2014,Mar,19,15,Involontaire,travaux,1600.0,Haute
242,6132,78900.0,2014,Dec,29,5,Malveillance,NA,425.0,Basse
243,6013,77400.0,2014,Mar,19,15,Malveillance,NA,625.0,Basse
244,48172,172000.0,2014,Mar,18,14,Involontaire,travaux,1000.0,Haute
245,34045,75000.0,2014,Mar,8,16,Involontaire,travaux,200.0,Basse
246,34190,77800.0,2014,Mar,15,20,Malveillance,NA,86.0,Basse
247,12094,60000.0,2015,Feb,10,14,Involontaire,particulier,239.0,Basse
248,12226,50000.0,2015,Mar,11,13,Involontaire,particulier,239.0,Basse
249,39086,50000.0,2015,Apr,12,13,Accidentelle,NA,320.0,Basse
250,81004,110000.0,2015,Jul,3,13,Naturelle,NA,321.0,Basse
251,79280,208000.0,2015,Jul,11,18,Involontaire,travaux,128.0,Basse
252,73019,190000.0,2015,Apr,9,16,Involontaire,travaux,419.0,Basse
253,54305,120000.0,2015,Apr,19,13,Malveillance,NA,213.0,Basse
254,54490,270000.0,2015,Jul,23,15,Involontaire,travaux,213.0,Basse
255,79168,140300.0,2015,Aug,19,12,Involontaire,travaux,128.0,Basse
256,45092,110000.0,2015,Aug,2,18,Malveillance,NA,99.0,Basse
257,35152,60000.0,2015,Mar,23,14,Involontaire,travaux,53.0,Basse
258,3004,281000.0,2015,Jul,16,15,Involontaire,travaux,450.0,Basse
259,73211,150000.0,2015,Jul,7,12,Malveillance,NA,500.0,Basse
260,97417,164000.0,2015,Oct,23,12,Naturelle,NA,91.0,Basse
261,45032,310000.0,2015,Jul,16,14,Involontaire,travaux,107.0,Basse
262,3006,50000.0,2015,Jul,17,17,Involontaire,particulier,823.0,Basse
263,3217,91300.0,2015,Jul,21,15,Involontaire,travaux,275.0,Basse
264,33300,190000.0,2015,Jul,25,16,Malveillance,NA,14.0,Basse
265,33422,67000.0,2015,Apr,25,9,Accidentelle,NA,60.0,Basse
266,33238,70000.0,2015,Apr,11,6,Accidentelle,NA,65.0,Basse
267,33229,50000.0,2015,Jul,2,7,Naturelle,NA,7.0,Basse
268,33104,680000.0,2015,Mar,17,16,Accidentelle,NA,20.0,Basse
269,40332,90000.0,2015,Jul,28,14,Involontaire,particulier,66.0,Basse
270,40167,220000.0,2015,Apr,30,16,Involontaire,travaux,89.0,Basse
271,40149,58000.0,2015,Apr,15,12,Involontaire,particulier,127.0,Basse
272,41043,70000.0,2015,Jul,1,14,Naturelle,NA,92.0,Basse
273,41130,110000.0,2015,Jul,16,16,Naturelle,NA,126.0,Basse
274,41186,50000.0,2015,Jul,22,14,Naturelle,NA,115.0,Basse
275,41087,80000.0,2015,Jul,10,12,Naturelle,NA,73.0,Basse
276,42326,230000.0,2015,Aug,31,13,Malveillance,NA,1370.0,Haute
277,2B123,103518.0,2015,Jun,3,14,Involontaire,particulier,61.0,Basse
278,11170,105836.0,2015,Jun,7,15,Involontaire,particulier,0.0,Basse
279,2B320,322164.0,2015,Jun,14,14,Malveillance,NA,78.0,Basse
280,34286,184500.0,2015,Jun,28,15,Involontaire,particulier,620.0,Basse
281,34319,710000.0,2015,Jul,2,11,Involontaire,particulier,122.0,Basse
282,2B185,230000.0,2015,Jul,1,11,Malveillance,NA,54.0,Basse
283,2B201,62321.0,2015,Jul,2,12,Involontaire,travaux,685.0,Basse
284,7323,151000.0,2015,Jul,7,2,Malveillance,NA,112.0,Basse
285,11315,85400.0,2015,Jun,27,10,Malveillance,NA,125.0,Basse
286,11386,54934.0,2015,Jul,8,4,Malveillance,NA,320.0,Basse
287,2B143,100350.0,2015,Jul,7,13,Malveillance,NA,78.0,Basse
288,11009,163000.0,2015,Jul,10,15,Involontaire,travaux,134.0,Basse
289,7258,50000.0,2015,Jul,14,22,Malveillance,NA,1090.0,Haute
290,84129,250000.0,2015,Jul,12,18,Malveillance,NA,20.0,Basse
291,2B079,125400.0,2015,Jul,10,12,Malveillance,NA,499.0,Basse
292,11259,299200.0,2015,Jul,13,14,Involontaire,particulier,280.0,Basse
293,2B059,52292.0,2015,Jul,19,16,Malveillance,NA,240.0,Basse
294,26318,60000.0,2015,Jul,11,14,Involontaire,particulier,556.0,Basse
295,34103,86200.0,2015,Jul,12,2,Malveillance,NA,40.0,Basse
296,34003,70000.0,2015,Jul,19,18,Involontaire,particulier,2.0,Basse
297,34019,60150.0,2015,Jul,20,12,Involontaire,travaux,435.0,Basse
298,34181,92500.0,2015,Feb,23,16,Malveillance,NA,122.0,Basse
299,2B095,113588.0,2015,Jul,28,1,Malveillance,NA,1063.0,Haute
300,2B290,488130.0,2015,Jul,25,22,Malveillance,NA,844.0,Basse
301,2B185,78800.0,2015,Jul,27,11,Malveillance,NA,54.0,Basse
302,2B361,322405.0,2015,Jul,30,10,Accidentelle,NA,450.0,Basse
303,34237,78000.0,2015,Jul,25,12,Accidentelle,NA,73.0,Basse
304,30231,934600.0,2015,Jul,30,15,Malveillance,NA,450.0,Basse
305,48122,56500.0,2015,Jul,1,8,Involontaire,travaux,618.0,Basse
306,48074,161000.0,2015,Jul,31,15,Involontaire,travaux,1054.0,Haute
307,34242,590000.0,2015,Aug,8,14,Accidentelle,NA,160.0,Basse
308,83061,167300.0,2015,Jul,27,13,Malveillance,NA,18.0,Basse
309,66076,50000.0,2015,Jun,25,16,Involontaire,particulier,515.0,Basse
310,66205,80000.0,2015,Jul,14,16,Malveillance,NA,182.0,Basse
311,66215,350000.0,2015,Jul,20,16,Malveillance,NA,251.0,Basse
312,66058,270000.0,2015,Jul,21,11,Accidentelle,NA,103.0,Basse
313,66136,50000.0,2015,Jul,28,17,Malveillance,NA,42.0,Basse
314,66205,60000.0,2015,Jul,29,17,Malveillance,NA,182.0,Basse
315,84147,70000.0,2015,Aug,6,19,Involontaire,particulier,70.0,Basse
316,2B080,56360.0,2015,Aug,8,15,Malveillance,NA,560.0,Basse
317,34302,185000.0,2015,Aug,12,13,Malveillance,NA,131.0,Basse
318,66030,82600.0,2015,Aug,19,14,Malveillance,NA,182.0,Basse
319,13005,92700.0,2015,Aug,17,16,Malveillance,NA,105.0,Basse
320,2A038,50400.0,2015,Aug,7,13,Malveillance,NA,5.0,Basse
321,66215,200000.0,2015,Aug,20,13,Malveillance,NA,251.0,Basse
322,34020,61000.0,2015,Aug,19,18,Malveillance,NA,86.0,Basse
323,2B341,480000.0,2015,Aug,17,14,Involontaire,particulier,630.0,Basse
324,66008,141500.0,2015,Jun,26,18,Accidentelle,NA,5.0,Basse
325,11198,58800.0,2015,Aug,18,19,Accidentelle,NA,125.0,Basse
326,11022,250700.0,2015,Aug,26,15,Malveillance,NA,131.0,Basse
327,66127,80000.0,2015,Sep,1,23,Involontaire,particulier,120.0,Basse
328,2B355,194784.0,2015,Sep,5,13,Malveillance,NA,70.0,Basse
329,11016,187100.0,2015,Sep,11,12,Malveillance,NA,240.0,Basse
330,66014,80000.0,2015,Mar,13,12,Involontaire,travaux,42.0,Basse
331,30009,90800.0,2015,Mar,7,7,Involontaire,travaux,800.0,Basse
332,30009,61500.0,2015,Mar,9,19,Involontaire,travaux,800.0,Basse
333,2B096,115000.0,2015,Sep,26,16,Malveillance,NA,1372.0,Haute
334,11018,52900.0,2015,Sep,25,16,Malveillance,NA,130.0,Basse
335,6162,217500.0,2015,Mar,12,9,Involontaire,travaux,792.0,Basse
336,11285,55873.0,2015,Oct,16,14,Accidentelle,NA,13.0,Basse
337,11276,50802.0,2015,Oct,16,15,Involontaire,travaux,182.0,Basse
338,34339,121500.0,2015,Jan,11,14,Malveillance,NA,219.0,Basse
339,7112,380000.0,2015,Nov,20,13,Involontaire,particulier,952.0,Basse
340,2A031,339000.0,2015,Aug,30,12,Malveillance,NA,661.0,Basse
341,48116,648000.0,2015,Mar,11,12,Involontaire,travaux,1000.0,Haute
342,48022,138000.0,2015,Mar,9,13,Involontaire,travaux,618.0,Basse
343,4194,204800.0,2015,Apr,1,12,Involontaire,particulier,860.0,Basse
344,6074,178700.0,2015,Apr,2,12,Malveillance,NA,485.0,Basse
345,6103,387400.0,2015,Apr,3,17,Malveillance,NA,625.0,Basse
346,7286,300000.0,2015,Apr,10,11,Involontaire,travaux,640.0,Basse
347,2B337,53361.0,2015,Apr,13,13,Involontaire,travaux,198.0,Basse
348,6074,73100.0,2015,Jan,4,12,Malveillance,NA,485.0,Basse
349,6074,82100.0,2015,Jan,12,18,Malveillance,NA,485.0,Basse
350,6132,89200.0,2015,Apr,11,14,Malveillance,NA,425.0,Basse
351,6023,59500.0,2015,Apr,11,15,Malveillance,NA,320.0,Basse
352,6103,102300.0,2015,Apr,15,13,Malveillance,NA,625.0,Basse
353,26113,73000.0,2015,Mar,13,13,Involontaire,particulier,396.0,Basse
354,12163,200000.0,2016,Feb,21,18,Malveillance,NA,811.0,Basse
355,12082,70000.0,2016,Jul,19,9,Involontaire,travaux,729.0,Basse
356,12076,50000.0,2016,Aug,15,16,Accidentelle,NA,320.0,Basse
357,46183,220000.0,2016,Aug,16,21,Naturelle,NA,281.0,Basse
358,18219,93300.0,2016,Aug,11,16,Accidentelle,NA,155.0,Basse
359,81066,800000.0,2016,Sep,5,15,Accidentelle,NA,198.0,Basse
360,58081,80000.0,2016,Aug,30,12,Malveillance,NA,216.0,Basse
361,17038,104100.0,2016,Aug,16,18,Malveillance,NA,66.0,Basse
362,17074,52600.0,2016,Sep,12,15,Malveillance,NA,96.0,Basse
363,17110,220000.0,2016,Sep,12,16,Malveillance,NA,66.0,Basse
364,47234,50050.0,2016,Sep,13,19,Involontaire,travaux,140.0,Basse
365,33273,80000.0,2016,Sep,8,15,Accidentelle,NA,60.0,Basse
366,2B183,60000.0,2016,Mar,31,12,Malveillance,NA,140.0,Basse
367,2B281,200000.0,2016,Apr,2,18,Malveillance,NA,354.0,Basse
368,2B109,50000.0,2016,Apr,1,21,Malveillance,NA,300.0,Basse
369,6142,107161.0,2016,Mar,26,14,Involontaire,particulier,843.0,Basse
370,48166,104100.0,2016,Mar,26,14,Involontaire,particulier,903.0,Basse
371,48194,151100.0,2016,Mar,26,14,Involontaire,travaux,610.0,Basse
372,84034,200000.0,2016,Mar,23,12,Malveillance,NA,54.0,Basse
373,6098,60324.0,2016,Apr,12,10,Involontaire,particulier,860.0,Basse
374,6074,131743.0,2016,Apr,12,15,Malveillance,NA,485.0,Basse
375,2B159,83700.0,2016,Apr,18,19,Malveillance,NA,278.0,Basse
376,2B313,90000.0,2016,Apr,18,21,Malveillance,NA,14.0,Basse
377,34103,140300.0,2016,Apr,19,13,Malveillance,NA,40.0,Basse
378,34004,142600.0,2016,May,5,12,Involontaire,particulier,219.0,Basse
379,7202,200000.0,2016,Mar,15,17,Involontaire,travaux,400.0,Basse
380,6074,62601.0,2016,May,28,22,Malveillance,NA,485.0,Basse
381,34166,425000.0,2016,Jun,27,15,Involontaire,particulier,15.0,Basse
382,11198,140300.0,2016,Jun,30,17,Malveillance,NA,125.0,Basse
383,2B096,248000.0,2016,Jun,27,14,Involontaire,particulier,1372.0,Haute
384,66143,600000.0,2016,Jun,21,16,Involontaire,travaux,167.0,Basse
385,66030,50000.0,2016,Jun,25,11,Malveillance,NA,182.0,Basse
386,66030,200000.0,2016,Jul,5,4,Accidentelle,NA,182.0,Basse
387,66140,150000.0,2016,Jul,5,12,Accidentelle,NA,110.0,Basse
388,11308,144520.0,2016,Jul,7,12,Involontaire,travaux,134.0,Basse
389,11273,185068.0,2016,Jul,14,21,Malveillance,NA,80.0,Basse
390,11099,829689.0,2016,Jul,16,16,Accidentelle,NA,120.0,Basse
391,83069,73000.0,2016,Jul,14,18,Involontaire,particulier,6.0,Basse
392,83064,75000.0,2016,Jul,15,16,Involontaire,particulier,189.0,Basse
393,2B143,80000.0,2016,Jul,15,17,Malveillance,NA,78.0,Basse
394,13026,1000000.0,2016,Jul,13,21,Malveillance,NA,9.0,Basse
395,13056,460000.0,2016,Jul,15,19,Malveillance,NA,12.0,Basse
396,34032,87000.0,2016,Jul,13,12,Involontaire,particulier,50.0,Basse
397,34225,51500.0,2016,Jul,19,14,Accidentelle,NA,83.0,Basse
398,2B355,464200.0,2016,Jul,19,21,Malveillance,NA,70.0,Basse
399,66180,100000.0,2016,Jul,13,14,Involontaire,particulier,3.0,Basse
400,66071,150000.0,2016,Jul,16,15,Malveillance,NA,182.0,Basse
401,11144,121304.0,2016,Jul,17,19,Involontaire,particulier,42.0,Basse
402,48004,229000.0,2016,Apr,20,11,Involontaire,particulier,900.0,Basse
403,11262,324079.0,2016,Jan,15,22,Malveillance,NA,13.0,Basse
404,34145,51700.0,2016,Jun,27,14,Accidentelle,NA,10.0,Basse
405,34163,127500.0,2016,Jul,10,12,Involontaire,particulier,100.0,Basse
406,11390,102861.0,2016,Feb,5,16,Involontaire,travaux,85.0,Basse
407,2B320,51000.0,2016,Aug,2,11,Malveillance,NA,78.0,Basse
408,34148,101700.0,2016,Aug,5,14,Malveillance,NA,26.0,Basse
409,2B009,66000.0,2016,Aug,6,14,Malveillance,NA,41.0,Basse
410,2B185,97300.0,2016,Aug,7,10,Malveillance,NA,54.0,Basse
411,66106,400000.0,2016,Jul,18,12,Involontaire,particulier,565.0,Basse
412,30181,52692.0,2016,Aug,10,13,Malveillance,NA,108.0,Basse
413,30141,102268.0,2016,Aug,11,16,Involontaire,travaux,43.0,Basse
414,11162,74533.0,2016,Aug,2,16,Involontaire,travaux,302.0,Basse
415,34285,287500.0,2016,Aug,10,16,Malveillance,NA,22.0,Basse
416,11022,90908.0,2016,Aug,10,20,Malveillance,NA,131.0,Basse
417,66164,500000.0,2016,Jul,27,14,Involontaire,particulier,42.0,Basse
418,66205,331900.0,2016,Aug,1,17,Malveillance,NA,182.0,Basse
419,66212,150000.0,2016,Aug,6,18,Malveillance,NA,7.0,Basse
420,66008,50000.0,2016,Aug,13,15,Malveillance,NA,5.0,Basse
421,11148,211482.0,2016,Aug,21,14,Accidentelle,NA,56.0,Basse
422,11361,52980.0,2016,Aug,21,16,Involontaire,travaux,180.0,Basse
423,2B251,399600.0,2016,Aug,8,13,Malveillance,NA,82.0,Basse
424,13001,414600.0,2016,Aug,1,15,Malveillance,NA,215.0,Basse
425,66030,90000.0,2016,Aug,22,8,Malveillance,NA,182.0,Basse
426,13056,57600.0,2016,Aug,1,19,Malveillance,NA,12.0,Basse
427,13118,50900.0,2016,Aug,6,15,Involontaire,particulier,198.0,Basse
428,13097,166400.0,2016,Aug,6,22,Malveillance,NA,12.0,Basse
429,2B105,80000.0,2016,Aug,24,10,Malveillance,NA,179.0,Basse
430,2B238,340039.0,2016,Aug,24,11,Malveillance,NA,350.0,Basse
431,2B009,88000.0,2016,Aug,26,12,Malveillance,NA,41.0,Basse
432,2B096,784900.0,2016,Aug,22,14,Malveillance,NA,1372.0,Haute
433,2B148,100135.0,2016,Aug,25,14,Malveillance,NA,37.0,Basse
434,2B116,263500.0,2016,Aug,25,14,Malveillance,NA,179.0,Basse
435,84030,80000.0,2016,Aug,27,16,Malveillance,NA,98.0,Basse
436,2B148,53500.0,2016,Aug,26,11,Involontaire,particulier,37.0,Basse
437,34073,67600.0,2016,Sep,5,12,Accidentelle,NA,15.0,Basse
438,11286,263087.0,2016,Sep,5,23,Malveillance,NA,125.0,Basse
439,11410,107055.0,2016,Sep,7,15,Involontaire,particulier,120.0,Basse
440,66030,80000.0,2016,Sep,9,14,Malveillance,NA,182.0,Basse
441,34291,230800.0,2016,Sep,11,1,Malveillance,NA,955.0,Basse
442,2B299,300000.0,2016,Jan,11,20,Involontaire,travaux,185.0,Basse
443,34055,100000.0,2016,Sep,23,10,Involontaire,travaux,424.0,Basse
444,34055,55000.0,2016,Sep,24,8,Involontaire,travaux,424.0,Basse
445,66048,150000.0,2016,Mar,8,13,Involontaire,travaux,72.0,Basse
446,66016,77000.0,2016,Sep,24,15,Involontaire,particulier,72.0,Basse
447,2B140,98500.0,2016,Sep,28,12,Malveillance,NA,480.0,Basse
448,7018,240000.0,2016,Sep,24,22,Malveillance,NA,1230.0,Haute
449,66192,80000.0,2016,Sep,28,14,Involontaire,particulier,1151.0,Haute
450,34235,396200.0,2016,Oct,10,13,Malveillance,NA,900.0,Basse
451,5164,60000.0,2016,Dec,1,11,Involontaire,particulier,765.0,Basse
452,66190,535000.0,2016,Oct,11,11,Involontaire,travaux,7.0,Basse
453,6103,323050.0,2016,Dec,29,13,Malveillance,NA,625.0,Basse
454,4193,81000.0,2016,Dec,27,13,Involontaire,particulier,1908.0,Haute
455,30154,65079.0,2016,Mar,24,11,Involontaire,travaux,485.0,Basse
456,30169,85420.0,2016,Sep,8,11,Malveillance,NA,24.0,Basse
457,6049,72200.0,2016,Mar,9,15,Malveillance,NA,985.0,Basse
458,43171,100000.0,2017,Feb,23,15,Involontaire,particulier,985.0,Basse
459,73235,74700.0,2017,Feb,23,16,Involontaire,particulier,460.0,Basse
460,12168,100000.0,2017,Mar,16,13,Accidentelle,NA,794.0,Basse
461,43155,50000.0,2017,Aug,14,22,Involontaire,particulier,985.0,Basse
462,81163,50000.0,2017,Aug,29,23,Malveillance,NA,718.0,Basse
463,16061,150000.0,2017,Jun,24,13,Involontaire,travaux,161.0,Basse
464,16255,70500.0,2017,Jun,18,12,Involontaire,travaux,162.0,Basse
465,45015,150000.0,2017,Jul,21,13,Involontaire,travaux,127.0,Basse
466,97410,50000.0,2017,Sep,16,9,Malveillance,NA,850.0,Basse
467,31573,100000.0,2017,Jul,18,17,Accidentelle,NA,118.0,Basse
468,31085,60000.0,2017,Jan,7,13,Involontaire,travaux,800.0,Basse
469,31222,120000.0,2017,Apr,22,16,Accidentelle,NA,500.0,Basse
470,15156,60000.0,2017,Apr,8,16,Involontaire,travaux,762.0,Basse
471,15149,60000.0,2017,Apr,16,12,Involontaire,travaux,930.0,Basse
472,15113,100000.0,2017,Apr,24,16,Involontaire,travaux,1060.0,Haute
473,97415,96000.0,2017,Nov,3,4,Malveillance,NA,1200.0,Haute
474,24465,55000.0,2017,Apr,21,17,Involontaire,travaux,120.0,Basse
475,40167,60000.0,2017,Feb,21,14,Involontaire,particulier,89.0,Basse
476,65045,300000.0,2017,Mar,17,13,Involontaire,travaux,1105.0,Haute
477,66069,100000.0,2017,Oct,12,12,Involontaire,travaux,42.0,Basse
478,66016,200000.0,2017,Nov,6,11,Accidentelle,NA,72.0,Basse
479,2A019,53000.0,2017,Apr,1,19,Malveillance,NA,414.0,Basse
480,6146,151250.0,2017,Apr,7,13,Malveillance,NA,630.0,Basse
481,2A041,84300.0,2017,Sep,13,22,Accidentelle,NA,107.0,Basse
482,6077,79300.0,2017,Jan,6,11,Involontaire,travaux,1420.0,Haute
483,7153,213000.0,2017,Mar,21,17,Malveillance,NA,550.0,Basse
484,5038,233900.0,2017,Apr,25,13,Malveillance,NA,1825.0,Haute
485,26354,55000.0,2017,Apr,24,12,Involontaire,particulier,1010.0,Haute
486,7141,124800.0,2017,Apr,15,20,Malveillance,NA,360.0,Basse
487,48165,60400.0,2017,Feb,26,14,Involontaire,travaux,1150.0,Haute
488,48020,199000.0,2017,Feb,26,15,Involontaire,travaux,1042.0,Haute
489,30190,239135.0,2017,Apr,19,12,Involontaire,travaux,367.0,Basse
490,13039,53000.0,2017,Jun,6,19,Malveillance,NA,1.0,Basse
491,34237,185147.0,2017,Jun,11,10,Involontaire,particulier,73.0,Basse
492,6074,233030.0,2017,Jan,13,17,Malveillance,NA,485.0,Basse
493,6157,61220.0,2017,Jan,25,14,Involontaire,travaux,299.0,Basse
494,34103,67435.0,2017,Jun,24,22,Malveillance,NA,40.0,Basse
495,34183,80000.0,2017,Jun,25,12,Involontaire,particulier,33.0,Basse
496,2B185,75000.0,2017,Jun,24,11,Malveillance,NA,54.0,Basse
497,13039,184270.0,2017,Jun,24,15,Malveillance,NA,1.0,Basse
498,34135,80000.0,2017,Jun,25,18,Accidentelle,NA,37.0,Basse
499,2B123,280000.0,2017,Jun,28,16,Malveillance,NA,61.0,Basse
500,13098,143400.0,2017,Jun,30,16,Malveillance,NA,4.0,Basse
501,83101,156400.0,2017,Jun,7,13,Involontaire,travaux,31.0,Basse
502,4020,57500.0,2017,Feb,16,11,Involontaire,particulier,886.0,Basse
503,5101,100300.0,2017,Jan,5,13,Involontaire,particulier,1270.0,Haute
504,6157,342850.0,2017,Jul,3,17,Accidentelle,NA,299.0,Basse
505,34214,93500.0,2017,Jul,6,12,Malveillance,NA,73.0,Basse
506,5108,144800.0,2017,Feb,23,15,Involontaire,particulier,873.0,Basse
507,66053,50000.0,2017,Jun,19,18,Involontaire,particulier,72.0,Basse
508,2B314,260000.0,2017,Jul,6,15,Accidentelle,NA,480.0,Basse
509,34031,62000.0,2017,Jul,11,16,Malveillance,NA,20.0,Basse
510,2B079,75000.0,2017,Jul,17,11,Malveillance,NA,499.0,Basse
511,2B290,62000.0,2017,Jul,17,13,Malveillance,NA,844.0,Basse
512,2B355,200000.0,2017,Jul,17,14,Involontaire,particulier,70.0,Basse
513,34013,71800.0,2017,Jul,13,11,Involontaire,travaux,40.0,Basse
514,4160,79300.0,2017,Jul,18,14,Involontaire,travaux,455.0,Basse
515,48100,50000.0,2017,Jan,7,15,Involontaire,travaux,1080.0,Haute
516,6050,80370.0,2017,Feb,21,14,Malveillance,NA,985.0,Basse
517,2A103,130000.0,2017,Jun,22,14,Involontaire,particulier,600.0,Basse
518,2A198,50000.0,2017,Jul,8,10,Malveillance,NA,28.0,Basse
519,2A323,210000.0,2017,Jul,8,12,Malveillance,NA,433.0,Basse
520,6156,99010.0,2017,Feb,26,10,Involontaire,particulier,1130.0,Haute
521,2A215,51400.0,2017,Jul,16,13,Accidentelle,NA,100.0,Basse
522,2B009,613700.0,2017,Jul,24,10,Malveillance,NA,41.0,Basse
523,2B143,382800.0,2017,Jul,24,16,Malveillance,NA,78.0,Basse
524,13072,964000.0,2017,Jul,26,10,Involontaire,particulier,201.0,Basse
525,6034,906980.0,2017,Jul,17,14,Involontaire,particulier,78.0,Basse
526,6130,154930.0,2017,Jul,24,15,Malveillance,NA,708.0,Basse
527,30189,103558.0,2017,Jul,25,14,Malveillance,NA,39.0,Basse
528,30351,174628.0,2017,Jul,26,14,Malveillance,NA,20.0,Basse
529,4020,577600.0,2017,Feb,25,13,Involontaire,particulier,886.0,Basse
530,4218,84100.0,2017,Feb,25,16,Involontaire,travaux,968.0,Basse
531,34166,119550.0,2017,Jul,24,12,Malveillance,NA,15.0,Basse
532,66138,70000.0,2017,Jul,17,14,Malveillance,NA,42.0,Basse
533,66024,60000.0,2017,Jul,18,17,Involontaire,particulier,148.0,Basse
534,13047,58200.0,2017,Jul,31,15,Malveillance,NA,1.0,Basse
535,34116,68876.0,2017,Jul,28,14,Malveillance,NA,100.0,Basse
536,13001,138100.0,2017,Aug,1,14,Involontaire,particulier,215.0,Basse
537,13047,725200.0,2017,Aug,1,14,Malveillance,NA,1.0,Basse
538,26022,120000.0,2017,Jul,17,15,Involontaire,travaux,660.0,Basse
539,2A249,160000.0,2017,Jul,25,10,Malveillance,NA,5.0,Basse
540,2A017,610000.0,2017,Aug,2,12,Malveillance,NA,317.0,Basse
541,2A001,57635.0,2017,Aug,2,13,Malveillance,NA,235.0,Basse
542,2A004,50000.0,2017,Aug,4,11,Involontaire,particulier,86.0,Basse
543,34181,57370.0,2017,Aug,5,17,Involontaire,particulier,122.0,Basse
544,66130,50000.0,2017,Feb,16,16,Involontaire,travaux,1446.0,Haute
545,66003,50000.0,2017,Feb,22,14,Malveillance,NA,252.0,Basse
546,83119,70000.0,2017,Jul,24,21,Involontaire,particulier,31.0,Basse
547,13077,336300.0,2017,Aug,10,18,Malveillance,NA,4.0,Basse
548,2B123,150000.0,2017,Mar,7,12,Malveillance,NA,61.0,Basse
549,30081,194649.0,2017,Aug,12,12,Involontaire,travaux,63.0,Basse
550,6101,89033.0,2017,Aug,3,11,Involontaire,travaux,860.0,Basse
551,30258,100000.0,2017,Aug,15,16,Involontaire,travaux,94.0,Basse
552,2B277,50000.0,2017,Aug,11,11,Malveillance,NA,198.0,Basse
553,7251,96000.0,2017,Jan,7,15,Malveillance,NA,500.0,Basse
554,34076,74920.0,2017,Aug,20,19,Malveillance,NA,110.0,Basse
555,4024,216100.0,2017,Feb,22,15,Involontaire,travaux,920.0,Basse
556,2B039,108333.0,2017,Aug,21,12,Malveillance,NA,499.0,Basse
557,4171,135600.0,2017,Aug,11,8,Accidentelle,NA,1110.0,Haute
558,84084,660000.0,2017,Aug,11,17,Malveillance,NA,250.0,Basse
559,84050,180300.0,2017,Aug,13,16,Accidentelle,NA,488.0,Basse
560,34341,52321.0,2017,Jan,21,23,Involontaire,travaux,34.0,Basse
561,4070,115700.0,2017,Aug,23,16,Malveillance,NA,595.0,Basse
562,30105,100000.0,2017,Aug,29,12,Malveillance,NA,1107.0,Haute
563,83061,347000.0,2017,Sep,1,16,Involontaire,particulier,18.0,Basse
564,2B292,210500.0,2017,Sep,2,12,Malveillance,NA,179.0,Basse
565,2B292,255700.0,2017,Sep,2,12,Malveillance,NA,179.0,Basse
566,2B143,400000.0,2017,Sep,2,16,Malveillance,NA,78.0,Basse
567,13073,108900.0,2017,Sep,3,1,Malveillance,NA,201.0,Basse
568,34096,70466.0,2017,Sep,2,1,Malveillance,NA,184.0,Basse
569,7086,80000.0,2017,Aug,26,17,Involontaire,travaux,160.0,Basse
570,26116,71000.0,2017,Sep,6,14,Involontaire,travaux,90.0,Basse
571,2A345,77000.0,2017,Aug,17,14,Malveillance,NA,291.0,Basse
572,2A139,110400.0,2017,Aug,20,3,Malveillance,NA,88.0,Basse
573,34181,437143.0,2017,Sep,6,18,Malveillance,NA,122.0,Basse
574,13055,55000.0,2017,Jul,24,15,Malveillance,NA,1.0,Basse
575,6050,54150.0,2017,Sep,17,10,Involontaire,particulier,985.0,Basse
576,34145,193045.0,2017,Sep,11,15,Involontaire,particulier,10.0,Basse
577,34235,447964.0,2017,Sep,12,18,Malveillance,NA,900.0,Basse
578,2B079,99100.0,2017,Sep,21,15,Malveillance,NA,499.0,Basse
579,6077,116600.0,2017,Sep,20,19,Naturelle,NA,1420.0,Haute
580,2B301,80000.0,2017,Sep,26,12,Malveillance,NA,480.0,Basse
581,83142,300000.0,2017,Oct,8,14,Accidentelle,NA,884.0,Basse
582,34211,53170.0,2017,Oct,5,14,Involontaire,travaux,190.0,Basse
583,34281,846900.0,2017,Oct,6,5,Malveillance,NA,38.0,Basse
584,34170,523700.0,2017,Oct,7,13,Involontaire,particulier,31.0,Basse
585,6066,125140.0,2017,Oct,7,6,Involontaire,particulier,723.0,Basse
586,34213,100530.0,2017,Oct,8,16,Involontaire,particulier,34.0,Basse
587,2B116,97000.0,2017,Oct,17,15,Malveillance,NA,179.0,Basse
588,4008,208400.0,2017,Sep,17,12,Accidentelle,NA,705.0,Basse
589,4148,120000.0,2017,Sep,22,13,Malveillance,NA,967.0,Basse
590,48008,135000.0,2017,Mar,16,11,Involontaire,travaux,1300.0,Haute
591,4120,767100.0,2017,Oct,5,13,Involontaire,travaux,1700.0,Haute
592,30085,110000.0,2017,Jun,23,16,Accidentelle,NA,135.0,Basse
593,7139,133000.0,2017,Mar,18,14,Involontaire,travaux,428.0,Basse
594,13038,223600.0,2017,Oct,24,15,Involontaire,travaux,10.0,Basse
595,4023,398600.0,2017,Mar,17,11,Involontaire,particulier,886.0,Basse
596,4139,152300.0,2017,Mar,17,19,Involontaire,travaux,520.0,Basse
597,26123,68000.0,2017,Oct,29,13,Involontaire,particulier,1017.0,Haute
598,66014,180000.0,2017,Aug,7,13,Involontaire,travaux,42.0,Basse
599,48130,168600.0,2017,Aug,21,14,Involontaire,particulier,812.0,Basse
600,48096,147400.0,2017,Aug,5,15,Malveillance,NA,1054.0,Haute
601,66066,60000.0,2017,Mar,15,17,Involontaire,travaux,1446.0,Haute
602,66011,350000.0,2017,Sep,2,12,Malveillance,NA,13.0,Basse
603,66108,50000.0,2017,Sep,5,14,Involontaire,travaux,103.0,Basse
604,12076,120000.0,2018,Feb,27,14,Malveillance,NA,320.0,Basse
605,43082,76568.0,2018,Apr,21,12,Accidentelle,NA,1015.0,Haute
606,46176,70000.0,2018,Aug,6,12,Accidentelle,NA,405.0,Basse
607,23062,300000.0,2018,Oct,6,14,Accidentelle,NA,397.0,Basse
608,12025,50000.0,2018,Aug,9,11,Involontaire,travaux,345.0,Basse
609,12228,80000.0,2018,Jul,9,16,Involontaire,travaux,266.0,Basse
610,40243,78000.0,2018,Sep,11,13,Involontaire,travaux,77.0,Basse
611,47215,80000.0,2018,Mar,22,14,Involontaire,particulier,50.0,Basse
612,7012,50000.0,2018,Apr,21,16,Involontaire,travaux,450.0,Basse
613,83059,110000.0,2018,Apr,27,14,Involontaire,particulier,189.0,Basse
614,34213,113330.0,2018,Jul,10,16,Involontaire,particulier,34.0,Basse
615,34032,90429.0,2018,Jul,11,16,Involontaire,particulier,50.0,Basse
616,66190,100000.0,2018,Jun,18,1,Accidentelle,NA,7.0,Basse
617,2B055,100000.0,2018,Jan,28,12,Malveillance,NA,484.0,Basse
618,2B123,50000.0,2018,Jan,2,15,Malveillance,NA,61.0,Basse
619,30042,100023.0,2018,Aug,4,17,Malveillance,NA,132.0,Basse
620,34165,153404.0,2018,Aug,5,15,Malveillance,NA,34.0,Basse
621,34232,50420.0,2018,Aug,4,15,Involontaire,particulier,130.0,Basse
622,34036,58132.0,2018,Aug,6,14,Malveillance,NA,110.0,Basse
623,2B123,100700.0,2018,Sep,1,13,Malveillance,NA,61.0,Basse
624,2B009,90000.0,2018,Sep,1,14,Malveillance,NA,41.0,Basse
625,34281,75019.0,2018,Sep,14,5,Malveillance,NA,38.0,Basse
626,2A284,50000.0,2018,Apr,7,17,Involontaire,particulier,33.0,Basse
627,13071,123300.0,2018,Sep,23,6,Accidentelle,NA,209.0,Basse
628,34121,257367.0,2018,Sep,23,21,Malveillance,NA,390.0,Basse
629,34226,119651.0,2018,Sep,24,10,Involontaire,particulier,130.0,Basse
630,48115,134700.0,2018,Sep,25,15,Involontaire,particulier,750.0,Basse
631,2B318,880000.0,2018,Jan,3,21,Accidentelle,NA,16.0,Basse
632,34165,85968.0,2018,Oct,2,21,Malveillance,NA,34.0,Basse
633,34165,359700.0,2018,Oct,4,15,Accidentelle,NA,34.0,Basse
634,34332,507900.0,2018,Oct,3,14,Involontaire,travaux,15.0,Basse
635,66136,60000.0,2018,Jul,8,16,Involontaire,particulier,42.0,Basse
636,66190,55000.0,2018,Jul,11,13,Involontaire,particulier,7.0,Basse
637,66228,59700.0,2018,Jul,20,14,Malveillance,NA,80.0,Basse
638,2B201,70000.0,2018,Jan,3,22,Malveillance,NA,685.0,Basse
639,48162,80000.0,2018,Feb,24,20,Involontaire,travaux,903.0,Basse
640,66065,60000.0,2018,Sep,4,16,Malveillance,NA,13.0,Basse
641,66190,150000.0,2018,Sep,24,21,Involontaire,particulier,7.0,Basse
642,34286,79210.0,2018,Feb,25,14,Involontaire,travaux,620.0,Basse
643,34200,121077.0,2018,Feb,26,20,Malveillance,NA,389.0,Basse
644,6062,90000.0,2018,Mar,25,15,Involontaire,particulier,425.0,Basse
645,6074,173400.0,2018,Apr,19,19,Malveillance,NA,485.0,Basse
646,38140,140000.0,2019,Feb,15,13,Accidentelle,NA,970.0,Basse
647,39557,50000.0,2019,Feb,25,17,Malveillance,NA,320.0,Basse
648,39478,200000.0,2019,Mar,27,14,Involontaire,travaux,1156.0,Haute
649,39289,75000.0,2019,Mar,27,14,Involontaire,travaux,320.0,Basse
650,43012,117175.0,2019,Mar,30,17,Involontaire,travaux,600.0,Basse
651,21037,95448.0,2019,Apr,15,13,Involontaire,travaux,425.0,Basse
652,65428,1000000.0,2019,Jan,4,8,Involontaire,travaux,1105.0,Haute
653,65032,100000.0,2019,Mar,16,21,Involontaire,travaux,1105.0,Haute
654,55574,300000.0,2019,Jul,22,17,Involontaire,travaux,256.0,Basse
655,39377,110000.0,2019,Jul,17,11,Involontaire,travaux,305.0,Basse
656,21694,74900.0,2019,Jul,25,11,Involontaire,particulier,340.0,Basse
657,21309,160000.0,2019,Jul,17,13,Involontaire,travaux,195.0,Basse
658,52205,600000.0,2019,Jul,25,15,Involontaire,travaux,335.0,Basse
659,49154,90000.0,2019,Aug,4,14,Involontaire,particulier,75.0,Basse
660,49180,70000.0,2019,Aug,14,12,Involontaire,travaux,35.0,Basse
661,58087,86647.0,2019,Jul,30,19,Malveillance,NA,236.0,Basse
662,31334,300000.0,2019,Jul,19,13,Involontaire,travaux,200.0,Basse
663,31451,50000.0,2019,Aug,26,21,Involontaire,particulier,320.0,Basse
664,81016,120000.0,2019,Sep,15,5,Malveillance,NA,630.0,Basse
665,23067,100000.0,2019,Sep,16,16,Accidentelle,NA,772.0,Basse
666,23067,50000.0,2019,Sep,21,14,Accidentelle,NA,772.0,Basse
667,58226,97104.0,2019,Sep,20,14,Accidentelle,NA,525.0,Basse
668,12090,90000.0,2019,Jul,12,15,Involontaire,travaux,590.0,Basse
669,79153,200000.0,2019,Jul,7,19,Involontaire,travaux,106.0,Basse
670,50403,400000.0,2019,Mar,27,13,Malveillance,NA,7.0,Basse
671,3055,740000.0,2019,Aug,31,13,Accidentelle,NA,370.0,Basse
672,64255,100000.0,2019,Mar,3,15,Involontaire,particulier,135.0,Basse
673,64276,80000.0,2019,Mar,3,14,Involontaire,particulier,260.0,Basse
674,64124,950000.0,2019,Mar,3,10,Involontaire,particulier,135.0,Basse
675,64504,200000.0,2019,Feb,16,18,Involontaire,particulier,180.0,Basse
676,64477,190000.0,2019,Feb,27,11,Involontaire,travaux,252.0,Basse
677,64342,100000.0,2019,Feb,22,14,Involontaire,travaux,216.0,Basse
678,64218,50000.0,2019,Feb,17,7,Involontaire,travaux,292.0,Basse
679,64218,50005.0,2019,Feb,16,12,Involontaire,travaux,292.0,Basse
680,64298,60000.0,2019,Mar,3,17,Malveillance,NA,1327.0,Haute
681,24222,60000.0,2019,Apr,15,7,Accidentelle,NA,79.0,Basse
682,24218,50000.0,2019,Mar,24,16,Accidentelle,NA,324.0,Basse
683,33498,320000.0,2019,Aug,4,14,Naturelle,NA,7.0,Basse
684,33498,50000.0,2019,Aug,2,16,Naturelle,NA,7.0,Basse
685,33251,150000.0,2019,Apr,15,16,Involontaire,travaux,75.0,Basse
686,47186,50000.0,2019,Jul,14,15,Malveillance,NA,148.0,Basse
687,38294,79000.0,2019,Jul,16,16,Involontaire,travaux,250.0,Basse
688,1037,100000.0,2019,Feb,28,16,Involontaire,travaux,944.0,Basse
689,41275,190000.0,2019,Jul,4,15,Involontaire,travaux,85.0,Basse
690,41041,600000.0,2019,Jul,17,16,Involontaire,travaux,206.0,Basse
691,41250,82000.0,2019,Jul,22,15,Involontaire,travaux,113.0,Basse
692,41248,80300.0,2019,Jul,22,16,Involontaire,travaux,172.0,Basse
693,41088,201000.0,2019,Jul,25,16,Involontaire,travaux,95.0,Basse
694,4074,99000.0,2019,Mar,12,14,Involontaire,travaux,600.0,Basse
695,48119,72300.0,2019,Mar,17,11,Involontaire,travaux,900.0,Basse
696,6013,50000.0,2019,Mar,26,0,Malveillance,NA,625.0,Basse
697,7077,50000.0,2019,Mar,24,10,Involontaire,travaux,740.0,Basse
698,34007,256785.0,2019,Mar,29,11,Involontaire,travaux,124.0,Basse
699,34235,78396.0,2019,Mar,29,14,Malveillance,NA,900.0,Basse
700,6148,734000.0,2019,Jan,27,11,Malveillance,NA,44.0,Basse
701,83069,116000.0,2019,Jun,14,14,Malveillance,NA,6.0,Basse
702,2A272,73800.0,2019,Jun,14,10,Accidentelle,NA,62.0,Basse
703,2B002,165000.0,2019,Jun,25,10,Malveillance,NA,61.0,Basse
704,34093,124100.0,2019,Jun,29,12,Malveillance,NA,439.0,Basse
705,2B050,150000.0,2019,Jul,8,11,Involontaire,particulier,295.0,Basse
706,13117,80000.0,2019,Jul,10,18,Accidentelle,NA,9.0,Basse
707,13117,50000.0,2019,Jul,10,18,Accidentelle,NA,9.0,Basse
708,83003,380000.0,2019,Jul,2,11,Naturelle,NA,892.0,Basse
709,83082,50000.0,2019,Jul,5,15,Involontaire,travaux,892.0,Basse
710,4045,79700.0,2019,Jul,13,16,Malveillance,NA,350.0,Basse
711,34341,55253.0,2019,Jul,15,19,Malveillance,NA,34.0,Basse
712,83137,100000.0,2019,Jul,18,13,Malveillance,NA,3.0,Basse
713,34095,622900.0,2019,Jul,18,16,Involontaire,particulier,34.0,Basse
714,4004,527700.0,2019,Jul,25,13,Involontaire,travaux,450.0,Basse
715,34143,121109.0,2019,Jul,26,17,Involontaire,particulier,73.0,Basse
716,34213,171261.0,2019,Jul,30,21,Malveillance,NA,34.0,Basse
717,48065,139500.0,2019,Feb,27,14,Involontaire,travaux,1028.0,Haute
718,48194,114270.0,2019,Jul,31,14,Involontaire,travaux,610.0,Basse
719,83153,175200.0,2019,Jul,29,12,Malveillance,NA,3.0,Basse
720,34015,122869.0,2019,Aug,2,16,Involontaire,travaux,258.0,Basse
721,34268,149615.0,2019,Aug,8,11,Malveillance,NA,110.0,Basse
722,66156,670000.0,2019,Mar,6,12,Involontaire,travaux,500.0,Basse
723,34145,52989.0,2019,Aug,2,16,Involontaire,particulier,10.0,Basse
724,4113,287800.0,2019,Aug,10,12,Involontaire,particulier,595.0,Basse
725,84035,130300.0,2019,Jul,23,15,Malveillance,NA,65.0,Basse
726,2B079,120000.0,2019,Aug,14,11,Malveillance,NA,499.0,Basse
727,34056,85000.0,2019,Aug,12,17,Involontaire,travaux,20.0,Basse
728,5123,70400.0,2019,Aug,14,5,Naturelle,NA,1249.0,Haute
729,34166,206119.0,2019,Aug,3,15,Involontaire,travaux,15.0,Basse
730,30093,74723.0,2019,Aug,31,16,Naturelle,NA,160.0,Basse
731,83107,50000.0,2019,Aug,19,14,Involontaire,particulier,7.0,Basse
732,13103,82100.0,2019,Aug,14,22,Involontaire,particulier,89.0,Basse
733,13106,104400.0,2019,Sep,5,17,Involontaire,particulier,209.0,Basse
734,2B185,50000.0,2019,Sep,8,12,Malveillance,NA,54.0,Basse
735,2B222,100000.0,2019,Feb,24,10,Malveillance,NA,822.0,Basse
736,34329,55176.0,2019,Sep,4,16,Involontaire,travaux,12.0,Basse
737,34017,252400.0,2019,Sep,8,16,Malveillance,NA,22.0,Basse
738,2B143,219200.0,2019,Sep,13,14,Malveillance,NA,78.0,Basse
739,34205,112742.0,2019,Sep,4,14,Accidentelle,NA,846.0,Basse
740,26300,57300.0,2019,Feb,23,14,Malveillance,NA,1017.0,Haute
741,34235,189162.0,2019,Sep,15,12,Malveillance,NA,900.0,Basse
742,34281,326900.0,2019,Sep,5,17,Malveillance,NA,38.0,Basse
743,2B105,71400.0,2019,Sep,17,12,Malveillance,NA,179.0,Basse
744,34308,52731.0,2019,Sep,6,17,Malveillance,NA,192.0,Basse
745,34168,111935.0,2019,Sep,7,6,Malveillance,NA,122.0,Basse
746,2A048,83000.0,2019,Sep,10,11,Malveillance,NA,317.0,Basse
747,30190,87701.0,2019,Sep,5,13,Malveillance,NA,367.0,Basse
748,34045,57257.0,2019,Sep,18,12,Involontaire,particulier,200.0,Basse
749,2B355,566000.0,2019,Oct,4,10,Malveillance,NA,70.0,Basse
750,2A326,710000.0,2019,Feb,23,19,Involontaire,travaux,698.0,Basse
751,2A272,208000.0,2019,Oct,9,14,Accidentelle,NA,62.0,Basse
752,66134,50000.0,2019,Apr,12,11,Malveillance,NA,148.0,Basse
753,66212,150000.0,2019,May,30,13,Malveillance,NA,7.0,Basse
754,66182,50000.0,2019,May,30,15,Malveillance,NA,7.0,Basse
755,34210,56401.0,2019,Oct,6,17,Accidentelle,NA,46.0,Basse
756,66205,80000.0,2019,Jul,5,14,Malveillance,NA,182.0,Basse
757,84089,212100.0,2019,Sep,8,16,Accidentelle,NA,250.0,Basse
758,4144,150600.0,2019,Feb,28,17,Involontaire,travaux,1110.0,Haute
759,34281,388500.0,2019,Sep,6,6,Malveillance,NA,38.0,Basse
760,66145,50000.0,2019,Jul,15,1,Malveillance,NA,80.0,Basse
761,66008,300000.0,2019,Jul,15,13,Malveillance,NA,5.0,Basse
762,66227,365000.0,2019,Jul,15,13,Malveillance,NA,13.0,Basse
763,66168,100000.0,2019,Jul,16,13,Malveillance,NA,28.0,Basse
764,66108,880000.0,2019,Jul,16,14,Involontaire,particulier,103.0,Basse
765,66224,180000.0,2019,Aug,14,17,Malveillance,NA,7.0,Basse
766,7098,70000.0,2019,Feb,28,17,Involontaire,travaux,737.0,Basse
767,2B281,996300.0,2019,Feb,23,13,Malveillance,NA,354.0,Basse
768,66088,50000.0,2019,Aug,22,12,Involontaire,travaux,158.0,Basse
769,66016,330000.0,2019,Sep,5,5,Malveillance,NA,72.0,Basse
770,6070,80000.0,2019,Jan,12,11,Involontaire,particulier,985.0,Basse
771,34165,154537.0,2019,Jun,5,14,Malveillance,NA,34.0,Basse
772,4204,197300.0,2019,Mar,1,9,Involontaire,travaux,1110.0,Haute
773,6074,370000.0,2019,Feb,25,12,Malveillance,NA,485.0,Basse
774,6153,342100.0,2019,Mar,4,15,Malveillance,NA,1058.0,Haute
775,7121,90000.0,2019,Mar,4,15,Malveillance,NA,1056.0,Haute
776,48198,100000.0,2019,Feb,13,15,Involontaire,travaux,900.0,Basse
777,48015,85000.0,2019,Feb,16,10,Involontaire,travaux,803.0,Basse
778,48061,57700.0,2019,Feb,27,15,Involontaire,travaux,903.0,Basse
779,48166,143500.0,2019,Feb,28,15,Involontaire,travaux,903.0,Basse
780,48162,220000.0,2019,Feb,27,15,Involontaire,travaux,903.0,Basse
781,43246,100000.0,2020,Apr,15,12,Involontaire,particulier,603.0,Basse
782,82131,80000.0,2020,Jul,13,14,Accidentelle,NA,266.0,Basse
783,2305,100000.0,2020,Jul,27,16,Accidentelle,NA,215.0,Basse
784,82187,700000.0,2020,Aug,10,14,Accidentelle,NA,319.0,Basse
785,89021,370000.0,2020,Jul,13,15,Malveillance,NA,302.0,Basse
786,58107,216242.0,2020,Aug,27,18,Involontaire,travaux,300.0,Basse
787,46072,120000.0,2020,Sep,10,16,Involontaire,travaux,230.0,Basse
788,43156,62000.0,2020,Sep,18,13,Accidentelle,NA,1050.0,Haute
789,58270,75250.0,2020,Sep,14,15,Involontaire,travaux,285.0,Basse
790,89044,50000.0,2020,Sep,14,17,Accidentelle,NA,210.0,Basse
791,89419,72000.0,2020,Sep,15,17,Involontaire,travaux,200.0,Basse
792,3217,250000.0,2020,Aug,25,13,Malveillance,NA,275.0,Basse
793,3155,55000.0,2020,Sep,18,18,Accidentelle,NA,225.0,Basse
794,45315,50500.0,2020,Jul,7,16,Involontaire,travaux,144.0,Basse
795,45098,100000.0,2020,Jul,27,13,Involontaire,particulier,110.0,Basse
796,77186,50000.0,2020,Aug,7,12,Involontaire,particulier,81.0,Basse
797,87064,140000.0,2020,Aug,11,21,Accidentelle,NA,400.0,Basse
798,97408,108106.0,2020,Oct,31,14,Accidentelle,NA,915.0,Basse
799,31581,200000.0,2020,Aug,7,15,Malveillance,NA,100.0,Basse
800,79246,80000.0,2020,Jul,30,17,Accidentelle,NA,83.0,Basse
801,79154,70000.0,2020,Aug,4,11,Involontaire,travaux,106.0,Basse
802,15038,50000.0,2020,Apr,11,15,Involontaire,travaux,655.0,Basse
803,15250,180000.0,2020,Aug,6,12,Involontaire,travaux,470.0,Basse
804,24485,80000.0,2020,Jul,14,17,Accidentelle,NA,130.0,Basse
805,24294,50000.0,2020,Sep,3,14,Malveillance,NA,29.0,Basse
806,64067,71000.0,2020,Sep,17,13,Involontaire,travaux,213.0,Basse
807,64223,700000.0,2020,Feb,24,14,Involontaire,travaux,1074.0,Haute
808,64559,50000.0,2020,Sep,18,13,Malveillance,NA,130.0,Basse
809,40296,60000.0,2020,Aug,3,16,Involontaire,particulier,2.0,Basse
810,40319,120000.0,2020,Aug,16,12,Accidentelle,NA,76.0,Basse
811,40006,50000.0,2020,Aug,12,15,Naturelle,NA,80.0,Basse
812,40060,84391.0,2020,Aug,13,20,Naturelle,NA,89.0,Basse
813,33029,125500.0,2020,Mar,1,15,Naturelle,NA,65.0,Basse
814,33202,214300.0,2020,Sep,7,15,Accidentelle,NA,75.0,Basse
815,33202,362600.0,2020,Sep,9,14,Accidentelle,NA,75.0,Basse
816,33029,212400.0,2020,Sep,16,14,Accidentelle,NA,65.0,Basse
817,33233,60000.0,2020,Sep,17,17,Accidentelle,NA,66.0,Basse
818,33202,50000.0,2020,Sep,18,5,Malveillance,NA,75.0,Basse
819,48098,93400.0,2020,Apr,15,12,Involontaire,particulier,750.0,Basse
820,2B315,110000.0,2020,Feb,2,11,Malveillance,NA,350.0,Basse
821,2B002,898200.0,2020,Jun,5,14,Malveillance,NA,61.0,Basse
822,30089,86050.0,2020,Jul,5,9,Accidentelle,NA,18.0,Basse
823,34143,135801.0,2020,Jul,7,15,Involontaire,particulier,73.0,Basse
824,34197,517100.0,2020,Jul,8,14,Malveillance,NA,40.0,Basse
825,2B079,322600.0,2020,Jul,13,11,Malveillance,NA,499.0,Basse
826,13077,62000.0,2020,Jun,26,11,Involontaire,travaux,4.0,Basse
827,34226,295700.0,2020,Jul,14,15,Accidentelle,NA,130.0,Basse
828,26200,104200.0,2020,Jul,21,12,Malveillance,NA,660.0,Basse
829,2B242,196800.0,2020,Feb,10,18,Malveillance,NA,14.0,Basse
830,6130,392700.0,2020,Feb,11,6,Accidentelle,NA,708.0,Basse
831,6070,195400.0,2020,Feb,11,11,Accidentelle,NA,985.0,Basse
832,7315,200000.0,2020,Feb,15,20,Involontaire,travaux,600.0,Basse
833,2B112,194400.0,2020,Aug,3,23,Malveillance,NA,450.0,Basse
834,34016,67959.0,2020,Aug,6,15,Malveillance,NA,50.0,Basse
835,2B224,741300.0,2020,Feb,10,14,Malveillance,NA,354.0,Basse
836,4094,74800.0,2020,Aug,6,17,Involontaire,travaux,359.0,Basse
837,4199,351400.0,2020,Aug,7,15,Accidentelle,NA,660.0,Basse
838,2B145,50000.0,2020,Aug,8,6,Malveillance,NA,25.0,Basse
839,2B192,200000.0,2020,Feb,11,8,Accidentelle,NA,70.0,Basse
840,66119,150000.0,2020,Feb,24,12,Involontaire,travaux,500.0,Basse
841,34032,236085.0,2020,Aug,14,17,Malveillance,NA,50.0,Basse
842,5055,628500.0,2020,Aug,10,15,Naturelle,NA,825.0,Basse
843,4070,55900.0,2020,Aug,24,15,Malveillance,NA,595.0,Basse
844,66069,50000.0,2020,Mar,13,0,Malveillance,NA,42.0,Basse
845,30129,130605.0,2020,Jul,19,16,Malveillance,NA,139.0,Basse
846,30169,409541.0,2020,Aug,1,15,Malveillance,NA,24.0,Basse
847,30339,663168.0,2020,Feb,24,15,Involontaire,travaux,367.0,Basse
848,2A004,100000.0,2020,Aug,13,11,Malveillance,NA,86.0,Basse
849,2A017,120000.0,2020,Aug,13,16,Involontaire,particulier,317.0,Basse
850,83003,311000.0,2020,Feb,19,11,Involontaire,travaux,892.0,Basse
851,2A031,56038.0,2020,Jan,12,15,Involontaire,travaux,661.0,Basse
852,2B275,121520.0,2020,Sep,6,13,Malveillance,NA,850.0,Basse
853,34147,56520.0,2020,Sep,3,16,Malveillance,NA,93.0,Basse
854,30017,89533.0,2020,Sep,4,13,Involontaire,particulier,500.0,Basse
855,13081,87400.0,2020,Aug,5,16,Involontaire,particulier,9.0,Basse
856,13077,832200.0,2020,Aug,4,16,Malveillance,NA,4.0,Basse
857,13118,117300.0,2020,Aug,3,18,Involontaire,particulier,198.0,Basse
858,13005,91600.0,2020,Aug,4,17,Involontaire,travaux,105.0,Basse
859,13117,313100.0,2020,Aug,23,13,Involontaire,particulier,9.0,Basse
860,34232,69471.0,2020,Sep,25,16,Involontaire,particulier,130.0,Basse
861,48119,180100.0,2020,Sep,7,15,Accidentelle,NA,900.0,Basse
862,30339,104450.0,2020,Feb,23,13,Involontaire,travaux,367.0,Basse
863,2B051,50000.0,2020,Oct,11,11,Malveillance,NA,822.0,Basse
864,7115,50000.0,2020,Sep,18,14,Involontaire,particulier,107.0,Basse
865,13033,53600.0,2020,Sep,19,19,Involontaire,travaux,9.0,Basse
866,4170,58800.0,2020,Feb,7,14,Involontaire,travaux,860.0,Basse
867,4013,92500.0,2020,Nov,21,6,Accidentelle,NA,440.0,Basse
868,66017,100000.0,2020,Jul,4,13,Malveillance,NA,3.0,Basse
869,66172,80000.0,2020,Jul,7,10,Involontaire,travaux,42.0,Basse
870,66071,286300.0,2020,Jul,10,16,Malveillance,NA,182.0,Basse
871,66093,80000.0,2020,Jul,17,16,Malveillance,NA,28.0,Basse
872,66176,200000.0,2020,Aug,3,19,Involontaire,particulier,7.0,Basse
873,66049,50000.0,2020,Aug,5,17,Accidentelle,NA,146.0,Basse
874,66030,110000.0,2020,Aug,21,14,Malveillance,NA,182.0,Basse
875,66015,50000.0,2020,Aug,23,0,Malveillance,NA,148.0,Basse
876,2B063,250000.0,2020,Feb,26,11,Malveillance,NA,784.0,Basse
877,34061,79565.0,2020,Nov,7,10,Malveillance,NA,140.0,Basse
878,2A323,70000.0,2020,Nov,8,11,Malveillance,NA,433.0,Basse
879,48116,819600.0,2020,Feb,23,17,Malveillance,NA,1000.0,Haute
880,48178,77400.0,2020,Mar,18,12,Involontaire,particulier,1000.0,Haute
881,6103,95000.0,2020,Mar,22,11,Malveillance,NA,625.0,Basse
882,6103,112000.0,2020,Mar,22,13,Malveillance,NA,625.0,Basse
883,17240,150000.0,2021,Apr,4,15,Involontaire,travaux,96.0,Basse
884,97415,140594.0,2021,Aug,3,17,Malveillance,NA,1200.0,Haute
885,87150,100000.0,2021,Apr,3,16,Accidentelle,NA,336.0,Basse
886,97415,384400.0,2021,Oct,2,7,Malveillance,NA,1200.0,Haute
887,89368,50000.0,2021,Apr,21,19,Involontaire,travaux,198.0,Basse
888,63006,90000.0,2021,Feb,25,13,Involontaire,travaux,1270.0,Haute
889,63006,80000.0,2021,Mar,6,14,Involontaire,travaux,1270.0,Haute
890,12094,60000.0,2021,Feb,22,1,Accidentelle,NA,239.0,Basse
891,12155,60000.0,2021,Mar,30,15,Involontaire,travaux,510.0,Basse
892,40184,600000.0,2021,Aug,28,15,Involontaire,particulier,26.0,Basse
893,33436,50000.0,2021,Apr,19,15,Malveillance,NA,75.0,Basse
894,33376,50000.0,2021,Aug,31,2,Accidentelle,NA,27.0,Basse
895,34214,216018.0,2021,Mar,21,10,Involontaire,travaux,73.0,Basse
896,34040,97834.0,2021,Mar,24,12,Involontaire,travaux,439.0,Basse
897,34341,221628.0,2021,Mar,29,11,Involontaire,travaux,34.0,Basse
898,2B355,489000.0,2021,Mar,31,12,Malveillance,NA,70.0,Basse
899,34092,60755.0,2021,Jan,17,12,Malveillance,NA,219.0,Basse
900,6163,420000.0,2021,Apr,7,12,Involontaire,travaux,1279.0,Haute
901,48075,62600.0,2021,Apr,1,20,Involontaire,travaux,618.0,Basse
902,48168,75000.0,2021,Apr,2,17,Involontaire,travaux,746.0,Basse
903,48119,114700.0,2021,Apr,7,16,Malveillance,NA,900.0,Basse
904,7251,57000.0,2021,Apr,1,10,Involontaire,travaux,500.0,Basse
905,84079,308100.0,2021,Apr,7,14,Involontaire,particulier,670.0,Basse
906,7187,165000.0,2021,Apr,8,12,Involontaire,travaux,779.0,Basse
907,5077,55000.0,2021,May,8,15,Involontaire,particulier,2000.0,Haute
908,2B355,80000.0,2021,May,17,10,Malveillance,NA,70.0,Basse
909,2B213,50000.0,2021,Jan,30,9,Malveillance,NA,680.0,Basse
910,34135,340439.0,2021,May,30,12,Involontaire,particulier,37.0,Basse
911,34206,560104.0,2021,Jun,7,10,Malveillance,NA,33.0,Basse
912,34135,188475.0,2021,Jun,7,12,Malveillance,NA,37.0,Basse
913,13007,803300.0,2021,Apr,6,16,Involontaire,particulier,615.0,Basse
914,66069,100000.0,2021,Apr,6,5,Malveillance,NA,42.0,Basse
915,66174,70000.0,2021,Jun,14,12,Involontaire,travaux,110.0,Basse
916,2A004,54000.0,2021,Jun,25,15,Involontaire,particulier,86.0,Basse
917,66148,329600.0,2021,Jun,16,9,Involontaire,travaux,72.0,Basse
918,83124,70000.0,2021,Jun,30,15,Accidentelle,NA,372.0,Basse
919,2B150,52500.0,2021,Jul,5,8,Malveillance,NA,296.0,Basse
920,30193,54503.0,2021,Jul,9,15,Involontaire,travaux,114.0,Basse
921,2B185,105050.0,2021,Jul,14,13,Malveillance,NA,54.0,Basse
922,6157,89000.0,2021,Jul,14,12,Involontaire,particulier,299.0,Basse
923,2A006,70000.0,2021,Jul,9,18,Malveillance,NA,317.0,Basse
924,2B190,65000.0,2021,Feb,26,14,Malveillance,NA,844.0,Basse
925,66121,963400.0,2021,Jul,18,15,Involontaire,particulier,103.0,Basse
926,66012,304530.0,2021,Jul,19,13,Involontaire,travaux,42.0,Basse
927,66048,99300.0,2021,Jul,31,16,Involontaire,particulier,72.0,Basse
928,34328,69781.0,2021,Aug,1,13,Malveillance,NA,50.0,Basse
929,2B143,100000.0,2021,Aug,7,13,Malveillance,NA,78.0,Basse
930,34180,134100.0,2021,Aug,2,14,Malveillance,NA,145.0,Basse
931,34007,67160.0,2021,Aug,16,19,Involontaire,particulier,124.0,Basse
932,34017,143957.0,2021,Aug,18,12,Malveillance,NA,22.0,Basse
933,34183,464040.0,2021,Aug,18,13,Involontaire,particulier,33.0,Basse
934,2A017,357000.0,2021,Jul,29,17,Malveillance,NA,317.0,Basse
935,2A209,78000.0,2021,Aug,3,15,Malveillance,NA,433.0,Basse
936,66190,170000.0,2021,Aug,20,15,Malveillance,NA,7.0,Basse
937,66205,902900.0,2021,Aug,26,12,Involontaire,particulier,182.0,Basse
938,6073,98000.0,2021,Aug,26,12,Naturelle,NA,875.0,Basse
939,48075,154800.0,2021,Aug,27,17,Malveillance,NA,618.0,Basse
940,13056,59000.0,2021,Jul,16,16,Involontaire,particulier,12.0,Basse
941,2B235,100000.0,2021,Mar,13,17,Malveillance,NA,844.0,Basse
942,2B333,170000.0,2021,Mar,14,8,Malveillance,NA,54.0,Basse
943,2B143,334500.0,2021,Sep,7,14,Malveillance,NA,78.0,Basse
944,34268,153388.0,2021,Aug,19,12,Malveillance,NA,110.0,Basse
945,34045,278905.0,2021,Aug,24,12,Malveillance,NA,200.0,Basse
946,34213,61647.0,2021,Aug,26,11,Malveillance,NA,34.0,Basse
947,34036,113183.0,2021,Aug,28,12,Malveillance,NA,110.0,Basse
948,66002,75000.0,2021,Aug,28,19,Malveillance,NA,13.0,Basse
949,34332,70550.0,2021,Sep,27,15,Involontaire,particulier,15.0,Basse
950,2A006,157305.0,2021,Oct,10,12,Involontaire,particulier,317.0,Basse
951,34093,72005.0,2021,Oct,12,18,Involontaire,travaux,439.0,Basse
952,34135,378600.0,2021,Oct,28,13,Malveillance,NA,37.0,Basse
953,34186,68072.0,2021,Oct,10,12,Malveillance,NA,184.0,Basse
954,34056,80994.0,2021,Oct,13,18,Malveillance,NA,20.0,Basse
955,34165,445051.0,2021,Aug,16,5,Malveillance,NA,34.0,Basse
956,34178,54906.0,2021,Mar,11,14,Malveillance,NA,140.0,Basse
957,2A200,184200.0,2021,Oct,23,16,Malveillance,NA,928.0,Basse
958,2B289,106000.0,2021,Oct,25,15,Malveillance,NA,347.0,Basse
959,2B079,70000.0,2021,Oct,26,15,Malveillance,NA,499.0,Basse
960,2B343,80000.0,2021,Dec,19,11,Malveillance,NA,25.0,Basse
961,34144,77012.0,2021,Mar,13,17,Involontaire,travaux,249.0,Basse
962,15081,50000.0,2022,Jan,24,18,Involontaire,travaux,683.0,Basse
963,15045,150000.0,2022,Feb,10,16,Involontaire,travaux,924.0,Basse
964,21582,75000.0,2022,Mar,9,15,Involontaire,travaux,232.0,Basse
965,46040,200000.0,2022,Mar,23,12,Accidentelle,NA,315.0,Basse
966,81243,849600.0,2022,Jun,18,12,Involontaire,travaux,395.0,Basse
967,81325,122000.0,2022,Jun,18,19,Involontaire,travaux,198.0,Basse
968,81073,500000.0,2022,Jun,19,14,Accidentelle,NA,256.0,Basse
969,15106,250000.0,2022,May,12,14,Involontaire,particulier,1113.0,Haute
970,41275,300000.0,2022,Jun,18,12,Involontaire,travaux,85.0,Basse
971,58102,60000.0,2022,Jul,9,20,Involontaire,particulier,209.0,Basse
972,58304,50100.0,2022,Jul,11,16,Involontaire,particulier,226.0,Basse
973,46079,90000.0,2022,Jul,10,17,Involontaire,particulier,364.0,Basse
974,54244,120000.0,2022,Jul,19,12,Involontaire,travaux,239.0,Basse
975,81027,110000.0,2022,Jul,30,17,Malveillance,NA,615.0,Basse
976,43157,98500.0,2022,Aug,12,17,Naturelle,NA,620.0,Basse
977,54156,60500.0,2022,Aug,12,13,Accidentelle,NA,300.0,Basse
978,42021,200000.0,2022,Jun,17,13,Involontaire,travaux,370.0,Basse
979,35211,100000.0,2022,Jul,18,10,Involontaire,particulier,74.0,Basse
980,58102,260000.0,2022,Aug,10,13,Involontaire,particulier,209.0,Basse
981,60182,500000.0,2022,Jul,19,14,Involontaire,travaux,168.0,Basse
982,97606,70000.0,2022,Nov,6,0,Involontaire,travaux,25.0,Basse
983,97603,50000.0,2022,Oct,23,0,Involontaire,travaux,25.0,Basse
984,27209,800000.0,2022,Aug,10,13,Accidentelle,NA,110.0,Basse
985,97423,55342.0,2022,Dec,19,8,Malveillance,NA,1505.0,Haute
986,56233,50000.0,2022,Aug,6,13,Involontaire,particulier,9.0,Basse
987,56054,340000.0,2022,Aug,6,16,Malveillance,NA,9.0,Basse
988,56132,150000.0,2022,Aug,7,3,Malveillance,NA,42.0,Basse
989,56126,200000.0,2022,Aug,8,11,Involontaire,travaux,26.0,Basse
990,61413,100000.0,2022,Sep,19,15,Malveillance,NA,155.0,Basse
991,61117,200000.0,2022,Sep,4,13,Malveillance,NA,143.0,Basse
992,61475,600000.0,2022,Aug,27,15,Malveillance,NA,240.0,Basse
993,61435,100000.0,2022,Aug,25,15,Malveillance,NA,249.0,Basse
994,61230,150000.0,2022,Aug,25,12,Malveillance,NA,237.0,Basse
995,61346,350000.0,2022,Aug,24,14,Malveillance,NA,247.0,Basse
996,61397,150000.0,2022,Aug,23,14,Malveillance,NA,143.0,Basse
997,61490,110000.0,2022,Aug,12,15,Malveillance,NA,155.0,Basse
998,61040,50000.0,2022,Aug,12,13,Malveillance,NA,175.0,Basse
999,61329,200000.0,2022,Aug,12,11,Malveillance,NA,233.0,Basse
1000,61145,100000.0,2022,Aug,11,13,Malveillance,NA,135.0,Basse
1001,61407,100000.0,2022,Aug,10,17,Malveillance,NA,211.0,Basse
1002,61026,160000.0,2022,Aug,10,14,Malveillance,NA,155.0,Basse
1003,61263,50000.0,2022,Aug,10,12,Malveillance,NA,143.0,Basse
1004,61206,50000.0,2022,Aug,9,18,Malveillance,NA,217.0,Basse
1005,61020,100000.0,2022,Aug,8,10,Malveillance,NA,171.0,Basse
1006,61092,205000.0,2022,Aug,7,13,Malveillance,NA,216.0,Basse
1007,61460,200000.0,2022,Aug,5,18,Malveillance,NA,225.0,Basse
1008,61447,200000.0,2022,Jul,30,18,Malveillance,NA,211.0,Basse
1009,61037,200000.0,2022,Jul,30,14,Malveillance,NA,168.0,Basse
1010,61061,150000.0,2022,Jul,27,13,Malveillance,NA,220.0,Basse
1011,61230,1000000.0,2022,Jul,26,19,Malveillance,NA,237.0,Basse
1012,61418,100000.0,2022,Jul,26,17,Malveillance,NA,236.0,Basse
1013,61429,100000.0,2022,Jul,26,14,Malveillance,NA,215.0,Basse
1014,61440,100000.0,2022,Jul,25,18,Malveillance,NA,232.0,Basse
1015,61067,400000.0,2022,Jul,24,21,Malveillance,NA,200.0,Basse
1016,61440,100000.0,2022,Jul,21,19,Malveillance,NA,232.0,Basse
1017,61461,80000.0,2022,Jul,19,15,Malveillance,NA,297.0,Basse
1018,61240,100000.0,2022,Jul,19,14,Malveillance,NA,176.0,Basse
1019,61024,100000.0,2022,Jul,19,14,Malveillance,NA,226.0,Basse
1020,61067,50000.0,2022,Jul,19,0,Malveillance,NA,200.0,Basse
1021,61486,350000.0,2022,Jul,18,19,Malveillance,NA,306.0,Basse
1022,61158,400000.0,2022,Jul,18,12,Malveillance,NA,232.0,Basse
1023,61145,50000.0,2022,Jul,17,15,Malveillance,NA,135.0,Basse
1024,61050,100000.0,2022,Jul,17,15,Malveillance,NA,236.0,Basse
1025,61248,50000.0,2022,Jul,16,19,Malveillance,NA,147.0,Basse
1026,61309,60000.0,2022,Jul,15,14,Malveillance,NA,233.0,Basse
1027,61421,100000.0,2022,Jul,15,14,Malveillance,NA,165.0,Basse
1028,61375,400000.0,2022,Jul,12,11,Malveillance,NA,180.0,Basse
1029,61081,100000.0,2022,Jul,11,15,Malveillance,NA,202.0,Basse
1030,61457,150000.0,2022,Jul,8,17,Malveillance,NA,212.0,Basse
1031,61445,300000.0,2022,Jul,8,17,Malveillance,NA,170.0,Basse
1032,61050,250000.0,2022,Jun,14,16,Malveillance,NA,236.0,Basse
1033,61193,300000.0,2022,Jun,12,18,Malveillance,NA,272.0,Basse
1034,61234,200000.0,2022,Jun,12,15,Malveillance,NA,143.0,Basse
1035,61002,100000.0,2022,Jun,12,15,Malveillance,NA,176.0,Basse
1036,61244,50000.0,2022,Mar,25,17,Malveillance,NA,223.0,Basse
1037,12225,62000.0,2022,Mar,28,13,Accidentelle,NA,360.0,Basse
1038,12291,155000.0,2022,Jun,15,15,Involontaire,travaux,712.0,Basse
1039,38545,165800.0,2022,Aug,11,14,Malveillance,NA,285.0,Basse
1040,12163,307000.0,2022,Jun,19,17,Accidentelle,NA,811.0,Basse
1041,12003,64400.0,2022,Aug,8,13,Malveillance,NA,185.0,Basse
1042,12037,60000.0,2022,Sep,22,15,Accidentelle,NA,266.0,Basse
1043,38527,150000.0,2022,Jun,18,18,Naturelle,NA,772.0,Basse
1044,65295,400000.0,2022,Feb,8,14,Malveillance,NA,1210.0,Haute
1045,79111,311000.0,2022,Jun,15,13,Involontaire,travaux,106.0,Basse
1046,79195,129000.0,2022,Jun,27,15,Involontaire,travaux,200.0,Basse
1047,79016,129000.0,2022,Jul,10,12,Involontaire,travaux,132.0,Basse
1048,47039,228000.0,2022,Jul,19,21,Naturelle,NA,149.0,Basse
1049,24354,597000.0,2022,Aug,7,17,Malveillance,NA,29.0,Basse
1050,24273,122000.0,2022,Aug,9,13,Accidentelle,NA,140.0,Basse
1051,24165,50000.0,2022,Aug,4,18,Malveillance,NA,29.0,Basse
1052,24165,80000.0,2022,Aug,7,18,Malveillance,NA,29.0,Basse
1053,40053,60000.0,2022,Mar,26,15,Involontaire,particulier,115.0,Basse
1054,40287,169660.0,2022,Aug,16,15,Naturelle,NA,23.0,Basse
1055,40307,168180.0,2022,Aug,12,19,Accidentelle,NA,70.0,Basse
1056,40142,258000.0,2022,Oct,20,14,Accidentelle,NA,77.0,Basse
1057,40167,184110.0,2022,Sep,6,17,Naturelle,NA,89.0,Basse
1058,40142,326000.0,2022,Aug,2,14,Involontaire,travaux,77.0,Basse
1059,40087,85990.0,2022,Aug,25,17,Naturelle,NA,150.0,Basse
1060,40123,459000.0,2022,Sep,12,15,Accidentelle,NA,26.0,Basse
1061,40217,118000.0,2022,Jul,5,16,Naturelle,NA,15.0,Basse
1062,64233,100000.0,2022,Sep,14,16,Involontaire,travaux,130.0,Basse
1063,64217,150000.0,2022,Oct,28,19,Malveillance,NA,350.0,Basse
1064,33021,105000.0,2022,May,11,17,Accidentelle,NA,114.0,Basse
1065,33348,194000.0,2022,Aug,6,19,Malveillance,NA,14.0,Basse
1066,33544,50000.0,2022,Aug,10,6,Malveillance,NA,12.0,Basse
1067,33322,50000.0,2022,Jul,17,3,Malveillance,NA,27.0,Basse
1068,41193,80000.0,2022,Jul,11,14,Involontaire,travaux,206.0,Basse
1069,41193,80000.0,2022,Jul,11,14,Involontaire,travaux,206.0,Basse
1070,86086,51500.0,2022,Jul,18,19,Involontaire,travaux,58.0,Basse
1071,2B210,70000.0,2022,Jan,12,9,Malveillance,NA,25.0,Basse
1072,7202,214923.0,2022,Jan,20,17,Involontaire,particulier,400.0,Basse
1073,2B135,50000.0,2022,Jan,29,13,Malveillance,NA,198.0,Basse
1074,2B007,493700.0,2022,Feb,1,15,Involontaire,travaux,1074.0,Haute
1075,2B207,222400.0,2022,Feb,1,15,Malveillance,NA,25.0,Basse
1076,2B095,321000.0,2022,Feb,11,14,Malveillance,NA,1063.0,Haute
1077,34156,82618.0,2022,Jan,23,11,Involontaire,travaux,184.0,Basse
1078,34279,63576.0,2022,Mar,24,17,Malveillance,NA,230.0,Basse
1079,2B235,350000.0,2022,Feb,24,14,Malveillance,NA,844.0,Basse
1080,2B290,80000.0,2022,Feb,26,11,Malveillance,NA,844.0,Basse
1081,2B145,190000.0,2022,Feb,26,14,Malveillance,NA,25.0,Basse
1082,5004,339545.0,2022,Mar,24,10,Malveillance,NA,1354.0,Haute
1083,5090,446427.0,2022,Mar,26,14,Malveillance,NA,1100.0,Haute
1084,7093,170980.0,2022,Jan,26,12,Involontaire,particulier,428.0,Basse
1085,2B290,112000.0,2022,Mar,12,10,Malveillance,NA,844.0,Basse
1086,2B223,56000.0,2022,Mar,24,9,Malveillance,NA,510.0,Basse
1087,6153,396400.0,2022,Mar,24,10,Involontaire,travaux,1058.0,Haute
1088,4019,350000.0,2022,Mar,26,14,Involontaire,particulier,2100.0,Haute
1089,4170,867100.0,2022,Apr,8,13,Malveillance,NA,860.0,Basse
1090,13005,120000.0,2022,Mar,26,15,Involontaire,particulier,105.0,Basse
1091,30325,190184.0,2022,Apr,14,14,Accidentelle,NA,252.0,Basse
1092,83044,273000.0,2022,Apr,9,16,Involontaire,particulier,884.0,Basse
1093,4018,59700.0,2022,Apr,18,12,Involontaire,particulier,747.0,Basse
1094,2A117,73000.0,2022,Mar,25,18,Involontaire,travaux,541.0,Basse
1095,2A031,77000.0,2022,Apr,13,12,Involontaire,travaux,661.0,Basse
1096,34214,97231.0,2022,Jan,28,16,Involontaire,travaux,73.0,Basse
1097,48119,80000.0,2022,Jan,26,15,Involontaire,travaux,900.0,Basse
1098,48116,200000.0,2022,Jan,27,14,Involontaire,travaux,1000.0,Haute
1099,66127,80000.0,2022,May,18,13,Involontaire,travaux,120.0,Basse
1100,2B046,339800.0,2022,Apr,12,12,Malveillance,NA,278.0,Basse
1101,2B184,96300.0,2022,Apr,16,16,Malveillance,NA,140.0,Basse
1102,2B058,239000.0,2022,Apr,18,13,Malveillance,NA,140.0,Basse
1103,2B301,116000.0,2022,Apr,18,14,Malveillance,NA,480.0,Basse
1104,13117,70000.0,2022,Jun,9,14,Malveillance,NA,9.0,Basse
1105,13044,50000.0,2022,Jun,9,16,Involontaire,particulier,58.0,Basse
1106,66014,293800.0,2022,Jun,12,14,Malveillance,NA,42.0,Basse
1107,30041,179700.0,2022,Jun,13,15,Involontaire,particulier,59.0,Basse
1108,30145,376800.0,2022,Jun,13,14,Accidentelle,NA,24.0,Basse
1109,13067,99900.0,2022,Jun,15,13,Involontaire,particulier,250.0,Basse
1110,48145,60000.0,2022,Mar,1,11,Involontaire,travaux,1418.0,Haute
1111,48049,50000.0,2022,Mar,6,19,Involontaire,travaux,746.0,Basse
1112,48040,60000.0,2022,Mar,7,19,Involontaire,particulier,900.0,Basse
1113,34118,329248.0,2022,Jun,17,15,Accidentelle,NA,65.0,Basse
1114,34268,146953.0,2022,Jun,17,16,Malveillance,NA,110.0,Basse
1115,66093,101000.0,2022,Jun,23,14,Malveillance,NA,28.0,Basse
1116,26146,363463.0,2022,Jun,18,11,Malveillance,NA,206.0,Basse
1117,26295,110000.0,2022,Jun,19,13,Malveillance,NA,203.0,Basse
1118,2B314,350000.0,2022,Jun,7,14,Involontaire,travaux,480.0,Basse
1119,2B354,261600.0,2022,Jun,8,23,Malveillance,NA,986.0,Basse
1120,2B123,57000.0,2022,Jun,10,18,Malveillance,NA,61.0,Basse
1121,2B029,53000.0,2022,Jun,12,11,Malveillance,NA,300.0,Basse
1122,2B143,730000.0,2022,Jun,13,12,Involontaire,particulier,78.0,Basse
1123,2B123,235900.0,2022,Jun,21,11,Involontaire,travaux,61.0,Basse
1124,2B009,300000.0,2022,Jun,24,12,Involontaire,travaux,41.0,Basse
1125,2B341,50000.0,2022,Jun,23,1,Malveillance,NA,630.0,Basse
1126,2B352,81000.0,2022,Jun,26,13,Malveillance,NA,844.0,Basse
1127,83124,150000.0,2022,Jun,11,12,Involontaire,travaux,372.0,Basse
1128,30319,772400.0,2022,Jun,13,15,Involontaire,travaux,603.0,Basse
1129,66164,55000.0,2022,Jun,28,11,Malveillance,NA,42.0,Basse
1130,66041,66300.0,2022,Jun,28,18,Malveillance,NA,182.0,Basse
1131,66108,661500.0,2022,Jun,29,15,Malveillance,NA,103.0,Basse
1132,30169,138303.0,2022,Jul,8,0,Accidentelle,NA,24.0,Basse
1133,34295,121971.0,2022,Jul,1,16,Malveillance,NA,45.0,Basse
1134,34285,116264.0,2022,Jul,5,18,Malveillance,NA,22.0,Basse
1135,7040,65000.0,2022,Jun,20,17,Accidentelle,NA,566.0,Basse
1136,48146,370000.0,2022,Jul,19,13,Involontaire,travaux,618.0,Basse
1137,48022,120000.0,2022,Jul,20,16,Involontaire,travaux,618.0,Basse
1138,4179,210000.0,2022,Jul,19,16,Naturelle,NA,1070.0,Haute
1139,2B079,148000.0,2022,Jul,24,14,Malveillance,NA,499.0,Basse
1140,2B341,300900.0,2022,Jul,28,13,Malveillance,NA,630.0,Basse
1141,2B007,219000.0,2022,Jul,28,16,Malveillance,NA,1074.0,Haute
1142,2B314,300000.0,2022,Aug,1,8,Malveillance,NA,480.0,Basse
1143,34329,138560.0,2022,Jul,26,18,Malveillance,NA,12.0,Basse
1144,34221,154863.0,2022,Jul,26,21,Malveillance,NA,58.0,Basse
1145,34230,291900.0,2022,Jul,28,13,Naturelle,NA,729.0,Basse
1146,34162,130122.0,2022,Aug,2,15,Malveillance,NA,22.0,Basse
1147,6077,63000.0,2022,Jul,31,17,Accidentelle,NA,1420.0,Haute
1148,48148,150000.0,2022,Aug,2,17,Accidentelle,NA,518.0,Basse
1149,66193,973700.0,2022,Jul,23,14,Involontaire,particulier,457.0,Basse
1150,7330,732400.0,2022,Jul,18,14,Malveillance,NA,120.0,Basse
1151,7134,713800.0,2022,Jul,22,16,Malveillance,NA,220.0,Basse
1152,7077,180000.0,2022,Jul,27,10,Malveillance,NA,740.0,Basse
1153,83076,343300.0,2022,Jul,31,13,Involontaire,travaux,300.0,Basse
1154,66214,50000.0,2022,Jul,30,21,Accidentelle,NA,148.0,Basse
1155,34318,321000.0,2022,Aug,6,15,Involontaire,particulier,67.0,Basse
1156,4086,97000.0,2022,Feb,8,11,Involontaire,particulier,1510.0,Haute
1157,4209,62300.0,2022,Feb,9,14,Involontaire,particulier,485.0,Basse
1158,48028,290000.0,2022,Aug,5,18,Naturelle,NA,903.0,Basse
1159,34087,69233.0,2022,Jul,10,11,Involontaire,particulier,34.0,Basse
1160,34209,115995.0,2022,Jul,20,11,Involontaire,travaux,15.0,Basse
1161,48015,100000.0,2022,Aug,12,17,Accidentelle,NA,803.0,Basse
1162,6002,120000.0,2022,Aug,6,17,Naturelle,NA,1525.0,Haute
1163,2A099,51000.0,2022,Aug,7,16,Naturelle,NA,928.0,Basse
1164,7085,121000.0,2022,Aug,10,14,Accidentelle,NA,367.0,Basse
1165,7129,105000.0,2022,Aug,13,11,Malveillance,NA,367.0,Basse
1166,30295,512700.0,2022,Jul,24,16,Malveillance,NA,135.0,Basse
1167,34235,71168.0,2022,Aug,7,16,Malveillance,NA,900.0,Basse
1168,34019,362900.0,2022,Aug,7,16,Accidentelle,NA,435.0,Basse
1169,66141,58000.0,2022,Aug,7,14,Malveillance,NA,42.0,Basse
1170,13112,95400.0,2022,Jul,3,16,Involontaire,particulier,198.0,Basse
1171,13056,83100.0,2022,Jul,8,16,Involontaire,particulier,12.0,Basse
1172,13098,248600.0,2022,Jul,8,2,Malveillance,NA,4.0,Basse
1173,13106,349990.0,2022,Jul,31,16,Accidentelle,NA,209.0,Basse
1174,13019,50000.0,2022,Aug,2,16,Accidentelle,NA,163.0,Basse
1175,13097,948280.0,2022,Aug,22,15,Malveillance,NA,12.0,Basse
1176,4039,289400.0,2022,Feb,10,15,Involontaire,particulier,729.0,Basse
1177,7161,248000.0,2022,Aug,28,0,Malveillance,NA,602.0,Basse
1178,7028,80000.0,2022,Sep,1,11,Naturelle,NA,251.0,Basse
1179,48050,60000.0,2022,Sep,18,15,Accidentelle,NA,903.0,Basse
1180,11095,285519.0,2022,Aug,29,12,Involontaire,particulier,130.0,Basse
1181,6163,68800.0,2022,Sep,19,11,Involontaire,travaux,1279.0,Haute
1182,6104,71000.0,2022,Sep,9,23,Involontaire,travaux,75.0,Basse
1183,2B185,80000.0,2022,Oct,5,14,Malveillance,NA,54.0,Basse
1184,66046,811900.0,2022,Aug,15,2,Malveillance,NA,347.0,Basse
1185,66148,64000.0,2022,Sep,3,2,Accidentelle,NA,72.0,Basse
1186,2B292,55000.0,2022,Oct,22,13,Malveillance,NA,179.0,Basse
1187,2B292,102070.0,2022,Oct,24,12,Malveillance,NA,179.0,Basse
1188,2B055,177900.0,2022,Oct,28,15,Malveillance,NA,484.0,Basse
1189,26367,200000.0,2022,Jul,18,16,Malveillance,NA,270.0,Basse
1190,11132,54800.0,2022,Nov,20,14,Involontaire,travaux,85.0,Basse
1191,7315,50000.0,2022,Jan,16,16,Involontaire,particulier,600.0,Basse
1192,84091,264600.0,2022,Jul,1,14,Involontaire,particulier,55.0,Basse
1193,30337,54745.0,2022,Jul,24,17,Accidentelle,NA,135.0,Basse
1194,2A031,50000.0,2022,Jan,30,16,Involontaire,travaux,661.0,Basse
1195,4090,221200.0,2022,Jan,16,13,Involontaire,travaux,1090.0,Haute
1196,4061,105700.0,2022,Jan,17,11,Involontaire,particulier,1642.0,Haute
1197,2A024,387700.0,2022,Feb,24,17,Malveillance,NA,1018.0,Haute
1198,6153,70000.0,2022,Feb,26,14,Involontaire,particulier,1058.0,Haute
1199,7226,94600.0,2022,Feb,18,16,Involontaire,particulier,1190.0,Haute
1200,7200,134800.0,2022,Feb,26,16,Involontaire,particulier,1185.0,Haute
1201,50041,390000.0,2022,Jul,17,2,Malveillance,NA,140.0,Basse
1202,50041,60000.0,2022,Jul,17,23,Malveillance,NA,140.0,Basse
