id,commune,code_INSEE,surface_parcourue_m2,annee,mois,jour,heure,nature_inc_prim,nature_inc_sec
1,Saint-Haon,43192,72000,2012,Feb,28,13,Involontaire,particulier
2,Laroquevieille,15095,150000,2012,Feb,29,13,Involontaire,travaux
3,Saint-Paul-de-Salers,15205,300000,2012,Mar,2,13,Involontaire,particulier
4,Saint-Flour,15187,70000,2012,Mar,2,13,Involontaire,particulier
5,Cassaniouze,15029,80000,2012,Mar,8,11,Involontaire,particulier
6,Soulages,15229,50000,2012,Mar,14,19,Accidentelle,NA
7,Fayet,12099,75000,2012,Mar,1,16,Involontaire,particulier
8,Saint-Parthem,12240,75000,2012,Mar,2,14,Involontaire,particulier
9,Champs-sur-Tarentaine-Marchal,15038,180000,2012,Mar,16,13,Malveillance,NA
10,Auzers,15015,50000,2012,Mar,17,8,Accidentelle,NA
11,CrÃ©mieu,38138,50000,2012,Mar,2,16,Malveillance,NA
12,Alligny-en-Morvan,58003,70000,2012,Mar,27,21,Involontaire,travaux
13,Espalion,12096,50000,2012,Mar,23,19,Involontaire,particulier
14,Montagnol,12147,50000,2012,Mar,14,15,Involontaire,particulier
15,RoumÃ©goux,15166,50000,2012,Mar,28,13,Involontaire,travaux
16,Jussac,15083,60000,2012,Mar,29,15,Involontaire,travaux
17,Varacieux,38523,50000,2012,Mar,26,11,Malveillance,NA
18,Livinhac-le-Haut,12130,650000,2012,Mar,28,12,Involontaire,particulier
19,Saint-Poncy,15207,100000,2012,Apr,2,15,Involontaire,travaux
20,Saint-Denis,97411,150000,2012,Sep,16,11,Malveillance,NA
21,Saint-Denis,97411,85000,2012,Oct,27,11,Malveillance,NA
22,Mimizan,40184,162907,2012,Aug,16,15,Accidentelle,NA
23,Beylongue,40040,153000,2012,Feb,28,14,Involontaire,particulier
24,PompÃ©jac,33329,119800,2012,Sep,20,16,Involontaire,travaux
25,TouvÃ©rac,16384,50000,2012,Jun,25,2,Accidentelle,NA
26,Rosis,34235,74000,2012,Feb,22,21,Malveillance,NA
27,Murviel-lÃ¨s-BÃ©ziers,34178,83300,2012,Feb,20,15,Malveillance,NA
28,Prunelli-di-Fiumorbo,2B251,200000,2012,Jan,6,12,Malveillance,NA
29,Gigors,4093,182000,2012,Feb,19,13,Involontaire,particulier
30,Estavar,66072,50000,2012,Feb,29,15,Involontaire,travaux
31,Concoules,30090,102800,2012,Feb,9,12,Involontaire,particulier
32,Rochessauve,7194,86000,2012,Mar,2,17,Involontaire,travaux
33,Labatie-d'Andaure,7114,120000,2012,Mar,3,10,Involontaire,travaux
34,Saint-Laurent-sous-Coiron,7263,166000,2012,Mar,3,14,Involontaire,travaux
35,Usclas-du-Bosc,34316,55000,2012,Feb,23,15,Involontaire,travaux
36,Aumelas,34016,150000,2012,Mar,8,7,Malveillance,NA
37,Saint-Privat,34286,100000,2012,Mar,10,14,Malveillance,NA
38,Villeveyrac,34341,101100,2012,Mar,9,15,Involontaire,travaux
39,Valbelle,4229,68000,2012,Feb,23,12,Involontaire,travaux
40,Montlaur,11251,64200,2012,Feb,29,13,Involontaire,travaux
41,Loupian,34143,320000,2012,Mar,8,14,Accidentelle,NA
42,Saint-Privat,34286,190200,2012,Mar,10,14,Malveillance,NA
43,SabliÃ¨res,7202,450000,2012,Mar,15,15,Involontaire,particulier
44,Laveyrune,7136,76000,2012,Mar,15,17,Involontaire,travaux
45,Clans,6042,518181,2012,Jan,17,13,Involontaire,travaux
46,Saint-Auban,6116,120500,2012,Mar,16,10,Involontaire,travaux
47,Calenzana,2B049,50000,2012,Mar,11,17,Malveillance,NA
48,PrÃ©venchÃ¨res,48119,50000,2012,Feb,21,14,Involontaire,travaux
49,Saint-Laurent-de-Cerdans,66179,70000,2012,Mar,24,13,Involontaire,travaux
50,Banyuls-sur-Mer,66016,50000,2012,Mar,25,12,Involontaire,travaux
51,Burzet,7045,590000,2012,Mar,27,16,Malveillance,NA
52,Chanousse,5033,223300,2012,Mar,11,13,Involontaire,particulier
53,Mayres,7153,114000,2012,Mar,28,20,Malveillance,NA
54,Niort-de-Sault,11265,53200,2012,Mar,29,13,Malveillance,NA
55,Aups,83007,50000,2012,Mar,28,17,Involontaire,travaux
56,BÃ©douÃ¨s,48022,60000,2012,Mar,16,15,Involontaire,travaux
57,Moissac-VallÃ©e-FranÃ§aise,48097,50000,2012,Mar,1,11,Involontaire,travaux
58,Salle-Prunet (La),48186,60000,2012,Feb,26,14,Involontaire,particulier
59,Calvisson,30062,70606,2012,Apr,2,14,Malveillance,NA
60,Castellane,4039,50000,2012,Feb,29,15,Involontaire,travaux
61,Saint-Martin,83114,60475,2012,May,5,17,Naturelle,NA
62,Montferrier-sur-Lez,34169,76600,2012,May,13,15,Involontaire,particulier
63,Malarce-sur-la-Thines,7147,80000,2012,May,17,18,Naturelle,NA
64,Tavera,2A324,153000,2012,Mar,10,13,Malveillance,NA
65,Lecci,2A139,147300,2012,Mar,10,14,Involontaire,particulier
66,Corte,2B096,70000,2012,Jun,13,13,Malveillance,NA
67,Castifao,2B080,260200,2012,Jul,1,11,Accidentelle,NA
68,Terrats,66207,100000,2012,Jun,25,14,Accidentelle,NA
69,CorbÃ¨re-les-Cabanes,66056,50000,2012,Jun,25,14,Accidentelle,NA
70,Ille-sur-TÃªt,66088,70000,2012,Jun,25,17,Involontaire,particulier
71,Canari,2B058,50000,2012,Jun,23,15,Involontaire,travaux
72,Villespassans,34339,140000,2012,Jun,23,14,Involontaire,particulier
73,Vinon-sur-Verdon,83150,50000,2012,Jul,11,14,Involontaire,travaux
74,Oletta,2B185,60000,2012,Jul,12,10,Malveillance,NA
75,Castello-di-Rostino,2B079,185100,2012,Jul,13,12,Malveillance,NA
76,Favalello,2B110,150067,2012,Jul,13,13,Malveillance,NA
77,Conilhac-de-la-Montagne,11097,267000,2012,Jul,13,15,Involontaire,travaux
78,Angles (Les),66004,300000,2012,Jul,4,10,Naturelle,NA
79,Bompas,66021,100000,2012,Jul,16,13,Involontaire,travaux
80,Feliceto,2B112,650000,2012,Jul,15,19,Malveillance,NA
81,Trausse,11396,672258,2012,Jul,19,11,Involontaire,travaux
82,Carcassonne,11069,95300,2012,Jul,21,17,Malveillance,NA
83,Digne-les-Bains,4070,50000,2012,Jun,22,14,Involontaire,particulier
84,Oletta,2B185,59000,2012,Jul,25,16,Malveillance,NA
85,Bousquet-d'Orb (Le),34038,130000,2012,Feb,8,16,Involontaire,particulier
86,Grandrieu,48070,350000,2012,Apr,28,18,Accidentelle,NA
87,Oletta,2B185,60000,2012,Jul,30,12,Malveillance,NA
88,Oletta,2B185,60000,2012,Jul,30,15,Malveillance,NA
89,Calenzana,2B049,60000,2012,Aug,4,15,Malveillance,NA
90,Orgon,13067,74000,2012,Jul,16,18,Malveillance,NA
91,Aix-en-Provence,13001,180000,2012,Jul,23,15,Malveillance,NA
92,Narbonne,11262,582300,2012,Aug,9,16,Accidentelle,NA
93,Octon,34186,52000,2012,Feb,21,20,Involontaire,travaux
94,Peyriac-de-Mer,11285,71100,2012,Aug,13,16,Malveillance,NA
95,BÃ©ziers,34032,54000,2012,Jun,25,15,Accidentelle,NA
96,Oletta,2B185,90000,2012,Aug,20,12,Malveillance,NA
97,Borne,7038,500000,2012,Aug,21,17,Naturelle,NA
98,Malarce-sur-la-Thines,7147,80000,2012,Aug,21,7,Accidentelle,NA
99,Saint-Ã‰tienne-VallÃ©e-FranÃ§aise,48148,50000,2012,Feb,15,15,Involontaire,particulier
100,Perthus (Le),66137,120000,2012,Jul,22,13,Malveillance,NA
101,Montbazin,34165,414500,2012,Aug,18,16,Malveillance,NA
102,Pia,66141,140000,2012,Jul,28,16,Accidentelle,NA
103,Espira-de-l'Agly,66069,50000,2012,Aug,12,4,Malveillance,NA
104,Puget-sur-Argens,83099,254000,2012,Aug,31,14,Involontaire,particulier
105,Causses-et-Veyran,34061,230000,2012,Aug,28,1,Malveillance,NA
106,Calce,66030,50000,2012,Aug,14,10,Malveillance,NA
107,Tresserre,66214,160000,2012,Aug,17,13,Accidentelle,NA
108,Angoustrine-Villeneuve-des-Escaldes,66005,630000,2012,Aug,24,13,Involontaire,particulier
109,Ille-sur-TÃªt,66088,50000,2012,Sep,10,2,Malveillance,NA
110,Villeneuve-de-la-Raho,66227,150000,2012,Sep,13,20,Accidentelle,NA
111,TrÃ¨bes,11397,143800,2012,Sep,14,13,Involontaire,particulier
112,PortÃ©-Puymorens,66147,50000,2012,Jul,18,15,Naturelle,NA
113,Revest-du-Bion,4163,297000,2012,Jul,18,18,Involontaire,travaux
114,Puimichel,4156,264000,2012,Jul,26,15,Involontaire,travaux
115,Velaux,13112,320000,2012,Sep,13,17,Malveillance,NA
116,Bruis,5024,400000,2012,Aug,27,13,Naturelle,NA
117,Saint-AndÃ©ol-de-Vals,7210,70000,2012,Feb,22,17,Involontaire,particulier
118,Ajaccio,2A004,438000,2012,Aug,31,16,Malveillance,NA
119,Ajaccio,2A004,50000,2012,Sep,2,16,Malveillance,NA
120,Prats-de-Mollo-la-Preste,66150,90000,2012,Nov,13,10,Involontaire,travaux
121,Sainte-Marguerite-LafigÃ¨re,7266,230000,2012,Feb,23,13,Involontaire,particulier
122,EscarÃ¨ne (L'),6057,52400,2012,Feb,20,13,Involontaire,travaux
123,Plourivo,22233,200000,2013,May,9,16,Accidentelle,NA
124,ClÃ©rac,17110,90000,2013,Jun,3,13,Accidentelle,NA
125,Tauriac-de-CamarÃ¨s,12275,120000,2013,Jul,13,13,Involontaire,travaux
126,Saint-PrÃ©jet-d'Allier,43220,124000,2013,Sep,4,14,Involontaire,particulier
127,Barrancoueu,65066,500000,2013,Apr,14,14,Involontaire,travaux
128,Caylus,82038,70000,2013,Apr,17,16,Accidentelle,NA
129,Lapouyade,33230,344800,2013,Mar,4,15,Involontaire,travaux
130,Mazeyrolles,24263,220000,2013,Mar,5,14,Accidentelle,NA
131,Le SouliÃ©,34305,104300,2013,Apr,25,15,Involontaire,travaux
132,BelgodÃ¨re,2B034,60000,2013,Jun,23,16,Involontaire,particulier
133,Vignale,2B350,60000,2013,Jun,29,14,Malveillance,NA
134,CerbÃ¨re,66048,300000,2013,Feb,3,16,Accidentelle,NA
135,Bayons,4023,153000,2013,Mar,4,0,Involontaire,travaux
136,Bayons,4023,87000,2013,Mar,4,0,Involontaire,travaux
137,Montegrosso,2B167,175800,2013,Jul,12,11,Malveillance,NA
138,Beaucaire,30032,72745,2013,Jul,17,13,Accidentelle,NA
139,Oletta,2B185,118300,2013,Jul,25,11,Malveillance,NA
140,Prades-sur-Vernazobre,34218,58000,2013,Jul,25,10,Involontaire,travaux
141,Ghisonaccia,2B123,60000,2013,Aug,2,15,Malveillance,NA
142,Oletta,2B185,144800,2013,Aug,4,12,Malveillance,NA
143,Beaucaire,30032,62659,2013,Jul,23,21,Malveillance,NA
144,Douzens,11122,153000,2013,Aug,9,16,Involontaire,particulier
145,Saint-Nazaire,66186,70000,2013,Aug,10,13,Malveillance,NA
146,Ghisonaccia,2B123,60000,2013,Aug,20,12,Malveillance,NA
147,Vignale,2B350,557600,2013,Aug,20,11,Malveillance,NA
148,Patrimonio,2B205,99200,2013,Aug,25,16,Involontaire,travaux
149,Valmascle,34323,65200,2013,Aug,27,18,Malveillance,NA
150,Beauvoisin,30033,146571,2013,Sep,1,10,Malveillance,NA
151,Magalas,34147,78000,2013,Sep,1,16,Involontaire,particulier
152,Valle-di-Rostino,2B337,230500,2013,Sep,4,14,Malveillance,NA
153,Tautavel,66205,190000,2013,Aug,24,17,Malveillance,NA
154,Olmeta-di-Capocorso,2B187,50000,2013,Sep,13,12,Malveillance,NA
155,Linguizzetta,2B143,80000,2013,Sep,14,18,Malveillance,NA
156,Oletta,2B185,111400,2013,Sep,17,7,Malveillance,NA
157,Saint-Florent,2B298,50000,2013,Sep,17,7,Malveillance,NA
158,Oletta,2B185,60000,2013,Sep,17,11,Malveillance,NA
159,Saint-Pargoire,34281,681500,2013,Sep,20,5,Malveillance,NA
160,Les Vans,7334,300000,2013,Sep,19,15,Involontaire,travaux
161,Beaufort,34026,220000,2013,Sep,19,18,Malveillance,NA
162,Ponteilla,66145,70000,2013,Sep,20,3,Involontaire,particulier
163,Narbonne,11262,916000,2013,Sep,19,12,Accidentelle,NA
164,Olmeta-di-Tuda,2B188,87000,2013,Oct,1,11,Malveillance,NA
165,Sorio,2B287,560000,2013,Oct,4,10,Malveillance,NA
166,Banyuls-sur-Mer,66016,50000,2013,Oct,9,10,Involontaire,travaux
167,Montegrosso,2B167,60000,2013,Oct,11,16,Involontaire,particulier
168,Perpignan,66136,60000,2013,Oct,23,14,Malveillance,NA
169,Allauch,13002,114000,2013,Oct,22,19,Malveillance,NA
170,Calenzana,2B049,384300,2013,Nov,3,12,Malveillance,NA
171,Olcani,2B184,156900,2013,Nov,7,17,Involontaire,travaux
172,Brando,2B043,191200,2013,Nov,9,20,Accidentelle,NA
173,Ouveillan,11269,51800,2013,Mar,15,10,Involontaire,particulier
174,Saint-ThibÃ©ry,34289,78400,2013,Nov,14,14,Malveillance,NA
175,Montesquieu,34168,54000,2013,Nov,30,7,Malveillance,NA
176,Valdeblore,6153,57500,2013,Dec,13,14,Malveillance,NA
177,MouriÃ¨s,13065,63000,2013,Dec,6,18,Accidentelle,NA
178,Olmeta-di-Tuda,2B188,70000,2013,Dec,31,14,Malveillance,NA
179,Tourves,83140,110000,2013,Apr,13,14,Involontaire,particulier
180,Thoard,4217,135600,2013,Mar,4,13,Involontaire,travaux
181,FontpÃ©drouse,66080,50000,2013,Apr,23,11,Involontaire,travaux
182,Ouzous,65352,150000,2014,Mar,20,14,Involontaire,travaux
183,VÃ©drines-Saint-Loup,15251,60000,2014,Mar,20,17,Accidentelle,NA
184,Paulhenc,15149,60000,2014,Mar,20,19,Involontaire,travaux
185,Blois,41018,50000,2014,Sep,11,19,Malveillance,NA
186,Captieux,33095,270000,2014,Aug,8,15,Naturelle,NA
187,Captieux,33095,1000000,2014,Apr,23,16,Involontaire,particulier
188,Labescau,33212,60000,2014,Mar,11,12,Involontaire,particulier
189,Biscarrosse,40046,105000,2014,Oct,2,14,Involontaire,travaux
190,RiviÃ¨re-Saas-et-Gourby,40244,280000,2014,Jun,28,15,Involontaire,particulier
191,Lantosque,6074,700300,2014,Mar,17,10,Malveillance,NA
192,Massoins,6082,172200,2014,Apr,9,13,Involontaire,particulier
193,Dourbies,30105,119728,2014,Apr,7,23,Malveillance,NA
194,La Javie,4097,52000,2014,Mar,18,14,Involontaire,travaux
195,Salses-le-ChÃ¢teau,66190,200000,2014,Feb,13,19,Involontaire,particulier
196,Causses-et-Veyran,34061,105000,2014,Mar,30,12,Involontaire,travaux
197,Minerve,34158,60000,2014,Mar,15,8,Malveillance,NA
198,CabriÃ¨res,34045,81600,2014,Apr,29,12,Involontaire,particulier
199,CongÃ©nies,30091,294471,2014,May,13,14,Malveillance,NA
200,Montouliers,34170,92000,2014,Feb,23,14,Involontaire,particulier
201,Pouzols-Minervois,11296,50714,2014,May,30,12,Involontaire,particulier
202,Barrettali,2B030,196367,2014,May,24,16,Malveillance,NA
203,Ogliastro,2B183,305959,2014,Jun,4,13,Malveillance,NA
204,Salses-le-ChÃ¢teau,66190,60000,2014,Jun,14,16,Involontaire,particulier
205,BelgodÃ¨re,2B034,184082,2014,Jun,20,16,Involontaire,travaux
206,Saint-Laurent-de-la-Cabrerisse,11351,57902,2014,Jun,29,14,Involontaire,particulier
207,Santo-Pietro-di-Tenda,2B314,683810,2014,Jul,3,15,Involontaire,travaux
208,Santo-Pietro-di-Tenda,2B314,352974,2014,Jul,5,14,Involontaire,travaux
209,Murviel-lÃ¨s-BÃ©ziers,34178,77000,2014,May,14,14,Involontaire,particulier
210,Bassan,34025,51000,2014,May,29,16,Involontaire,travaux
211,SartÃ¨ne,2A272,90000,2014,Jun,28,14,Involontaire,travaux
212,Calcatoggio,2A048,280000,2014,Jun,28,14,Malveillance,NA
213,Biguglia,2B037,140500,2014,Jul,22,13,Involontaire,particulier
214,Siran,34302,122700,2014,Aug,1,16,Malveillance,NA
215,Thueyts,7322,60000,2014,Mar,12,16,Malveillance,NA
216,Morsiglia,2B170,60000,2014,Mar,10,12,Malveillance,NA
217,Santa-Reparata-di-Balagna,2B316,95770,2014,Aug,15,8,Malveillance,NA
218,Gigean,34113,365000,2014,Jul,31,16,Involontaire,particulier
219,Aizac,7003,50000,2014,Mar,13,14,Involontaire,particulier
220,Juvignac,34123,605000,2014,May,13,11,Involontaire,particulier
221,Sari-Solenzara,2A269,330000,2014,Aug,15,16,Involontaire,particulier
222,Villeveyrac,34341,68000,2014,Aug,23,21,Malveillance,NA
223,Solaro,2B283,304678,2014,Aug,15,16,Involontaire,particulier
224,Siran,34302,195800,2014,Aug,29,12,Malveillance,NA
225,Grabels,34116,70000,2014,Aug,28,17,Malveillance,NA
226,Cessenon-sur-Orb,34074,230000,2014,Aug,27,12,Involontaire,particulier
227,Ghisonaccia,2B123,847798,2014,Aug,15,16,Malveillance,NA
228,Mouthoumet,11260,50700,2014,Sep,1,14,Malveillance,NA
229,Tressan,34313,52000,2014,Sep,6,15,Involontaire,particulier
230,Calcatoggio,2A048,61000,2014,Aug,30,13,Malveillance,NA
231,Lecci,2A139,930000,2014,Sep,1,2,Malveillance,NA
232,Castello-di-Rostino,2B079,174142,2014,Sep,13,11,Malveillance,NA
233,Millas,66108,200000,2014,Sep,17,17,Involontaire,travaux
234,Quarante,34226,130000,2014,Sep,26,13,Involontaire,particulier
235,Quenza,2A254,160000,2014,Sep,27,12,Malveillance,NA
236,Ajaccio,2A004,109000,2014,Sep,28,18,Malveillance,NA
237,Calenzana,2B049,69664,2014,Oct,5,18,Malveillance,NA
238,Sorio,2B287,98454,2014,Oct,10,12,Malveillance,NA
239,Saint-AndÃ©ol-de-Vals,7210,300000,2014,Mar,19,11,Involontaire,travaux
240,Puisserguier,34225,58000,2014,Oct,24,3,Malveillance,NA
241,Estavar,66072,100000,2014,Mar,19,15,Involontaire,travaux
242,Saorge,6132,78900,2014,Dec,29,5,Malveillance,NA
243,BelvÃ©dÃ¨re,6013,77400,2014,Mar,19,15,Malveillance,NA
244,Saint-Maurice-de-Ventalon,48172,172000,2014,Mar,18,14,Involontaire,travaux
245,CabriÃ¨res,34045,75000,2014,Mar,8,16,Involontaire,travaux
246,Oupia,34190,77800,2014,Mar,15,20,Malveillance,NA
247,Entraygues-sur-TruyÃ¨re,12094,60000,2015,Feb,10,14,Involontaire,particulier
248,Saint-Hippolyte,12226,50000,2015,Mar,11,13,Involontaire,particulier
249,Cernon,39086,50000,2015,Apr,12,13,Accidentelle,NA
250,Albi,81004,110000,2015,Jul,3,13,Naturelle,NA
251,Saint-Maurice-la-Fougereuse,79280,208000,2015,Jul,11,18,Involontaire,travaux
252,Argentine,73019,190000,2015,Apr,9,16,Involontaire,travaux
253,Lay-Saint-Christophe,54305,120000,2015,Apr,19,13,Malveillance,NA
254,Saizerais,54490,270000,2015,Jul,23,15,Involontaire,travaux
255,Massais,79168,140300,2015,Aug,19,12,Involontaire,travaux
256,Chevillon-sur-Huillard,45092,110000,2015,Aug,2,18,Malveillance,NA
257,LiffrÃ©,35152,60000,2015,Mar,23,14,Involontaire,travaux
258,Andelaroche,3004,281000,2015,Jul,16,15,Involontaire,travaux
259,Queige,73211,150000,2015,Jul,7,12,Malveillance,NA
260,Saint-Philippe,97417,164000,2015,Oct,23,12,Naturelle,NA
261,Le Bignon-Mirabeau,45032,310000,2015,Jul,16,14,Involontaire,travaux
262,Arfeuilles,3006,50000,2015,Jul,17,17,Involontaire,particulier
263,Saint-Angel,3217,91300,2015,Jul,21,15,Involontaire,travaux
264,Naujac-sur-Mer,33300,190000,2015,Jul,25,16,Malveillance,NA
265,Saint-Jean-d'Illac,33422,67000,2015,Apr,25,9,Accidentelle,NA
266,LÃ©ognan,33238,70000,2015,Apr,11,6,Accidentelle,NA
267,Lanton,33229,50000,2015,Jul,2,7,Naturelle,NA
268,Castelnau-de-MÃ©doc,33104,680000,2015,Mar,17,16,Accidentelle,NA
269,Ychoux,40332,90000,2015,Jul,28,14,Involontaire,particulier
270,Luxey,40167,220000,2015,Apr,30,16,Involontaire,travaux
271,Lencouacq,40149,58000,2015,Apr,15,12,Involontaire,particulier
272,ChÃ¢tillon-sur-Cher,41043,70000,2015,Jul,1,14,Naturelle,NA
273,Maves,41130,110000,2015,Jul,16,16,Naturelle,NA
274,Rahart,41186,50000,2015,Jul,22,14,Naturelle,NA
275,Fontaine-les-Coteaux,41087,80000,2015,Jul,10,12,Naturelle,NA
276,VÃ©ranne,42326,230000,2015,Aug,31,13,Malveillance,NA
277,Ghisonaccia,2B123,103518,2015,Jun,3,14,Involontaire,particulier
278,Gruissan,11170,105836,2015,Jun,7,15,Involontaire,particulier
279,Tallone,2B320,322164,2015,Jun,14,14,Malveillance,NA
280,Saint-Privat,34286,184500,2015,Jun,28,15,Involontaire,particulier
281,Vailhan,34319,710000,2015,Jul,2,11,Involontaire,particulier
282,Oletta,2B185,230000,2015,Jul,1,11,Malveillance,NA
283,Pancheraccia,2B201,62321,2015,Jul,2,12,Involontaire,travaux
284,Toulaud,7323,151000,2015,Jul,7,2,Malveillance,NA
285,Rieux-Minervois,11315,85400,2015,Jun,27,10,Malveillance,NA
286,Talairan,11386,54934,2015,Jul,8,4,Malveillance,NA
287,Linguizzetta,2B143,100350,2015,Jul,7,13,Malveillance,NA
288,Alzonne,11009,163000,2015,Jul,10,15,Involontaire,travaux
289,Saint-Julien-Vocance,7258,50000,2015,Jul,14,22,Malveillance,NA
290,Sorgues,84129,250000,2015,Jul,12,18,Malveillance,NA
291,Castello-di-Rostino,2B079,125400,2015,Jul,10,12,Malveillance,NA
292,Moussoulens,11259,299200,2015,Jul,13,14,Involontaire,particulier
293,Canavaggia,2B059,52292,2015,Jul,19,16,Malveillance,NA
294,Saint-May,26318,60000,2015,Jul,11,14,Involontaire,particulier
295,FontÃ¨s,34103,86200,2015,Jul,12,2,Malveillance,NA
296,Agde,34003,70000,2015,Jul,19,18,Involontaire,particulier
297,AvÃ¨ne,34019,60150,2015,Jul,20,12,Involontaire,travaux
298,NeffiÃ¨s,34181,92500,2015,Feb,23,16,Malveillance,NA
299,Corscia,2B095,113588,2015,Jul,28,1,Malveillance,NA
300,Speloncato,2B290,488130,2015,Jul,25,22,Malveillance,NA
301,Oletta,2B185,78800,2015,Jul,27,11,Malveillance,NA
302,Zilia,2B361,322405,2015,Jul,30,10,Accidentelle,NA
303,Roujan,34237,78000,2015,Jul,25,12,Accidentelle,NA
304,Saint-AndrÃ©-de-Valborgne,30231,934600,2015,Jul,30,15,Malveillance,NA
305,QuÃ©zac,48122,56500,2015,Jul,1,8,Involontaire,travaux
306,Hures-la-Parade,48074,161000,2015,Jul,31,15,Involontaire,travaux
307,Saint-Bauzille-de-Montmel,34242,590000,2015,Aug,8,14,Accidentelle,NA
308,FrÃ©jus,83061,167300,2015,Jul,27,13,Malveillance,NA
309,Felluns,66076,50000,2015,Jun,25,16,Involontaire,particulier
310,Tautavel,66205,80000,2015,Jul,14,16,Malveillance,NA
311,TrÃ©villach,66215,350000,2015,Jul,20,16,Malveillance,NA
312,Corneilla-la-RiviÃ¨re,66058,270000,2015,Jul,21,11,Accidentelle,NA
313,Perpignan,66136,50000,2015,Jul,28,17,Malveillance,NA
314,Tautavel,66205,60000,2015,Jul,29,17,Malveillance,NA
315,Villelaure,84147,70000,2015,Aug,6,19,Involontaire,particulier
316,Castifao,2B080,56360,2015,Aug,8,15,Malveillance,NA
317,Siran,34302,185000,2015,Aug,12,13,Malveillance,NA
318,Calce,66030,82600,2015,Aug,19,14,Malveillance,NA
319,Aubagne,13005,92700,2015,Aug,17,16,Malveillance,NA
320,Bilia,2A038,50400,2015,Aug,7,13,Malveillance,NA
321,TrÃ©villach,66215,200000,2015,Aug,20,13,Malveillance,NA
322,Azillanet,34020,61000,2015,Aug,19,18,Malveillance,NA
323,Venaco,2B341,480000,2015,Aug,17,14,Involontaire,particulier
324,ArgelÃ¨s-sur-Mer,66008,141500,2015,Jun,26,18,Accidentelle,NA
325,Laure-Minervois,11198,58800,2015,Aug,18,19,Accidentelle,NA
326,Azille,11022,250700,2015,Aug,26,15,Malveillance,NA
327,Opoul-PÃ©rillos,66127,80000,2015,Sep,1,23,Involontaire,particulier
328,Volpajola,2B355,194784,2015,Sep,5,13,Malveillance,NA
329,Arquettes-en-Val,11016,187100,2015,Sep,11,12,Malveillance,NA
330,Baixas,66014,80000,2015,Mar,13,12,Involontaire,travaux
331,Alzon,30009,90800,2015,Mar,7,7,Involontaire,travaux
332,Alzon,30009,61500,2015,Mar,9,19,Involontaire,travaux
333,Corte,2B096,115000,2015,Sep,26,16,Malveillance,NA
334,Arzens,11018,52900,2015,Sep,25,16,Malveillance,NA
335,La Brigue,6162,217500,2015,Mar,12,9,Involontaire,travaux
336,Peyriac-de-Mer,11285,55873,2015,Oct,16,14,Accidentelle,NA
337,Paziols,11276,50802,2015,Oct,16,15,Involontaire,travaux
338,Villespassans,34339,121500,2015,Jan,11,14,Malveillance,NA
339,Labastide-sur-BÃ©sorgues,7112,380000,2015,Nov,20,13,Involontaire,particulier
340,Bastelica,2A031,339000,2015,Aug,30,12,Malveillance,NA
341,Le Pont-de-Montvert,48116,648000,2015,Mar,11,12,Involontaire,travaux
342,BÃ©douÃ¨s,48022,138000,2015,Mar,9,13,Involontaire,travaux
343,Saint-Pierre,4194,204800,2015,Apr,1,12,Involontaire,particulier
344,Lantosque,6074,178700,2015,Apr,2,12,Malveillance,NA
345,RoquebilliÃ¨re,6103,387400,2015,Apr,3,17,Malveillance,NA
346,Saint-Pierreville,7286,300000,2015,Apr,10,11,Involontaire,travaux
347,Valle-di-Rostino,2B337,53361,2015,Apr,13,13,Involontaire,travaux
348,Lantosque,6074,73100,2015,Jan,4,12,Malveillance,NA
349,Lantosque,6074,82100,2015,Jan,12,18,Malveillance,NA
350,Saorge,6132,89200,2015,Apr,11,14,Malveillance,NA
351,Breil-sur-Roya,6023,59500,2015,Apr,11,15,Malveillance,NA
352,RoquebilliÃ¨re,6103,102300,2015,Apr,15,13,Malveillance,NA
353,Die,26113,73000,2015,Mar,13,13,Involontaire,particulier
354,Murasson,12163,200000,2016,Feb,21,18,Malveillance,NA
355,Couvertoirade (La),12082,70000,2016,Jul,19,9,Involontaire,travaux
356,Conques-en-Rouergue,12076,50000,2016,Aug,15,16,Accidentelle,NA
357,Marcilhac-sur-CÃ©lÃ©,46183,220000,2016,Aug,16,21,Naturelle,NA
358,Saint-Laurent,18219,93300,2016,Aug,11,16,Accidentelle,NA
359,CaucaliÃ¨res,81066,800000,2016,Sep,5,15,Accidentelle,NA
360,ColmÃ©ry,58081,80000,2016,Aug,30,12,Malveillance,NA
361,Bedenac,17038,104100,2016,Aug,16,18,Malveillance,NA
362,Bussac-ForÃªt,17074,52600,2016,Sep,12,15,Malveillance,NA
363,ClÃ©rac,17110,220000,2016,Sep,12,16,Malveillance,NA
364,Saint-Caprais-de-Lerm,47234,50050,2016,Sep,13,19,Involontaire,travaux
365,Martignas-sur-Jalle,33273,80000,2016,Sep,8,15,Accidentelle,NA
366,Ogliastro,2B183,60000,2016,Mar,31,12,Malveillance,NA
367,Sisco,2B281,200000,2016,Apr,2,18,Malveillance,NA
368,Farinole,2B109,50000,2016,Apr,1,21,Malveillance,NA
369,TouÃ«t-de-l'EscarÃ¨ne,6142,107161,2016,Mar,26,14,Involontaire,particulier
370,Cans et CÃ©vennes,48166,104100,2016,Mar,26,14,Involontaire,particulier
371,Vialas,48194,151100,2016,Mar,26,14,Involontaire,travaux
372,Caumont-sur-Durance,84034,200000,2016,Mar,23,12,Malveillance,NA
373,Puget-Rostang,6098,60324,2016,Apr,12,10,Involontaire,particulier
374,Lantosque,6074,131743,2016,Apr,12,15,Malveillance,NA
375,Meria,2B159,83700,2016,Apr,18,19,Malveillance,NA
376,San-Nicolao,2B313,90000,2016,Apr,18,21,Malveillance,NA
377,FontÃ¨s,34103,140300,2016,Apr,19,13,Malveillance,NA
378,Agel,34004,142600,2016,May,5,12,Involontaire,particulier
379,SabliÃ¨res,7202,200000,2016,Mar,15,17,Involontaire,travaux
380,Lantosque,6074,62601,2016,May,28,22,Malveillance,NA
381,Montblanc,34166,425000,2016,Jun,27,15,Involontaire,particulier
382,Laure-Minervois,11198,140300,2016,Jun,30,17,Malveillance,NA
383,Corte,2B096,248000,2016,Jun,27,14,Involontaire,particulier
384,PlanÃ¨zes,66143,600000,2016,Jun,21,16,Involontaire,travaux
385,Calce,66030,50000,2016,Jun,25,11,Malveillance,NA
386,Calce,66030,200000,2016,Jul,5,4,Accidentelle,NA
387,PÃ©zilla-la-RiviÃ¨re,66140,150000,2016,Jul,5,12,Accidentelle,NA
388,Raissac-sur-Lampy,11308,144520,2016,Jul,7,12,Involontaire,travaux
389,Paraza,11273,185068,2016,Jul,14,21,Malveillance,NA
390,Conques-sur-Orbiel,11099,829689,2016,Jul,16,16,Accidentelle,NA
391,HyÃ¨res,83069,73000,2016,Jul,14,18,Involontaire,particulier
392,GarÃ©oult,83064,75000,2016,Jul,15,16,Involontaire,particulier
393,Linguizzetta,2B143,80000,2016,Jul,15,17,Malveillance,NA
394,ChÃ¢teauneuf-les-Martigues,13026,1000000,2016,Jul,13,21,Malveillance,NA
395,Martigues,13056,460000,2016,Jul,15,19,Malveillance,NA
396,BÃ©ziers,34032,87000,2016,Jul,13,12,Involontaire,particulier
397,Puisserguier,34225,51500,2016,Jul,19,14,Accidentelle,NA
398,Volpajola,2B355,464200,2016,Jul,19,21,Malveillance,NA
399,Saint-Laurent-de-la-Salanque,66180,100000,2016,Jul,13,14,Involontaire,particulier
400,Estagel,66071,150000,2016,Jul,16,15,Malveillance,NA
401,Fitou,11144,121304,2016,Jul,17,19,Involontaire,particulier
402,Altier,48004,229000,2016,Apr,20,11,Involontaire,particulier
403,Narbonne,11262,324079,2016,Jan,15,22,Malveillance,NA
404,Lunel,34145,51700,2016,Jun,27,14,Accidentelle,NA
405,Montarnaud,34163,127500,2016,Jul,10,12,Involontaire,particulier
406,ThÃ©zan-des-CorbiÃ¨res,11390,102861,2016,Feb,5,16,Involontaire,travaux
407,Tallone,2B320,51000,2016,Aug,2,11,Malveillance,NA
408,Maraussan,34148,101700,2016,Aug,5,14,Malveillance,NA
409,AlÃ©ria,2B009,66000,2016,Aug,6,14,Malveillance,NA
410,Oletta,2B185,97300,2016,Aug,7,10,Malveillance,NA
411,Maureillas-las-Illas,66106,400000,2016,Jul,18,12,Involontaire,particulier
412,Montmirat,30181,52692,2016,Aug,10,13,Malveillance,NA
413,Laudun-l'Ardoise,30141,102268,2016,Aug,11,16,Involontaire,travaux
414,Generville,11162,74533,2016,Aug,2,16,Involontaire,travaux
415,Saint-Pons-de-Mauchiens,34285,287500,2016,Aug,10,16,Malveillance,NA
416,Azille,11022,90908,2016,Aug,10,20,Malveillance,NA
417,Rivesaltes,66164,500000,2016,Jul,27,14,Involontaire,particulier
418,Tautavel,66205,331900,2016,Aug,1,17,Malveillance,NA
419,Torreilles,66212,150000,2016,Aug,6,18,Malveillance,NA
420,ArgelÃ¨s-sur-Mer,66008,50000,2016,Aug,13,15,Malveillance,NA
421,Fontcouverte,11148,211482,2016,Aug,21,14,Accidentelle,NA
422,Saint-Papoul,11361,52980,2016,Aug,21,16,Involontaire,travaux
423,Prunelli-di-Fiumorbo,2B251,399600,2016,Aug,8,13,Malveillance,NA
424,Aix-en-Provence,13001,414600,2016,Aug,1,15,Malveillance,NA
425,Calce,66030,90000,2016,Aug,22,8,Malveillance,NA
426,Martigues,13056,57600,2016,Aug,1,19,Malveillance,NA
427,Coudoux,13118,50900,2016,Aug,6,15,Involontaire,particulier
428,Saint-Martin-de-Crau,13097,166400,2016,Aug,6,22,Malveillance,NA
429,Erbajolo,2B105,80000,2016,Aug,24,10,Malveillance,NA
430,Poggio-di-Venaco,2B238,340039,2016,Aug,24,11,Malveillance,NA
431,AlÃ©ria,2B009,88000,2016,Aug,26,12,Malveillance,NA
432,Corte,2B096,784900,2016,Aug,22,14,Malveillance,NA
433,Lucciana,2B148,100135,2016,Aug,25,14,Malveillance,NA
434,Focicchia,2B116,263500,2016,Aug,25,14,Malveillance,NA
435,Caromb,84030,80000,2016,Aug,27,16,Malveillance,NA
436,Lucciana,2B148,53500,2016,Aug,26,11,Involontaire,particulier
437,Cers,34073,67600,2016,Sep,5,12,Accidentelle,NA
438,Peyriac-Minervois,11286,263087,2016,Sep,5,23,Malveillance,NA
439,Villalier,11410,107055,2016,Sep,7,15,Involontaire,particulier
440,Calce,66030,80000,2016,Sep,9,14,Malveillance,NA
441,Saint-Vincent-d'Olargues,34291,230800,2016,Sep,11,1,Malveillance,NA
442,San-Gavino-d'Ampugnani,2B299,300000,2016,Jan,11,20,Involontaire,travaux
443,Castanet-le-Haut,34055,100000,2016,Sep,23,10,Involontaire,travaux
444,Castanet-le-Haut,34055,55000,2016,Sep,24,8,Involontaire,travaux
445,CerbÃ¨re,66048,150000,2016,Mar,8,13,Involontaire,travaux
446,Banyuls-sur-Mer,66016,77000,2016,Sep,24,15,Involontaire,particulier
447,Lento,2B140,98500,2016,Sep,28,12,Malveillance,NA
448,Astet,7018,240000,2016,Sep,24,22,Malveillance,NA
449,Sauto,66192,80000,2016,Sep,28,14,Involontaire,particulier
450,Rosis,34235,396200,2016,Oct,10,13,Malveillance,NA
451,Savines-le-Lac,5164,60000,2016,Dec,1,11,Involontaire,particulier
452,Salses-le-ChÃ¢teau,66190,535000,2016,Oct,11,11,Involontaire,travaux
453,RoquebilliÃ¨re,6103,323050,2016,Dec,29,13,Malveillance,NA
454,Saint-Paul-sur-Ubaye,4193,81000,2016,Dec,27,13,Involontaire,particulier
455,Mandagout,30154,65079,2016,Mar,24,11,Involontaire,travaux
456,Milhaud,30169,85420,2016,Sep,8,11,Malveillance,NA
457,Courmes,6049,72200,2016,Mar,9,15,Malveillance,NA
458,Saint-BÃ©rain,43171,100000,2017,Feb,23,15,Involontaire,particulier
459,Saint-FranÃ§ois-Longchamp,73235,74700,2017,Feb,23,16,Involontaire,particulier
460,Nant,12168,100000,2017,Mar,16,13,Accidentelle,NA
461,Prades,43155,50000,2017,Aug,14,22,Involontaire,particulier
462,Mazamet,81163,50000,2017,Aug,29,23,Malveillance,NA
463,Brie,16061,150000,2017,Jun,24,13,Involontaire,travaux
464,Parzac,16255,70500,2017,Jun,18,12,Involontaire,travaux
465,Autruy-sur-Juine,45015,150000,2017,Jul,21,13,Involontaire,travaux
466,Saint-BenoÃ®t,97410,50000,2017,Sep,16,9,Malveillance,NA
467,Verfeil,31573,100000,2017,Jul,18,17,Accidentelle,NA
468,Boutx,31085,60000,2017,Jan,7,13,Involontaire,travaux
469,Gouaux-de-Luchon,31222,120000,2017,Apr,22,16,Accidentelle,NA
470,Prunet,15156,60000,2017,Apr,8,16,Involontaire,travaux
471,Paulhenc,15149,60000,2017,Apr,16,12,Involontaire,travaux
472,Mandailles-Saint-Julien,15113,100000,2017,Apr,24,16,Involontaire,travaux
473,Saint-Paul,97415,96000,2017,Nov,3,4,Malveillance,NA
474,Saint-Michel-de-Double,24465,55000,2017,Apr,21,17,Involontaire,travaux
475,Luxey,40167,60000,2017,Feb,21,14,Involontaire,particulier
476,Aucun,65045,300000,2017,Mar,17,13,Involontaire,travaux
477,Espira-de-l'Agly,66069,100000,2017,Oct,12,12,Involontaire,travaux
478,Banyuls-sur-Mer,66016,200000,2017,Nov,6,11,Accidentelle,NA
479,Arbori,2A019,53000,2017,Apr,1,19,Malveillance,NA
480,Tournefort,6146,151250,2017,Apr,7,13,Malveillance,NA
481,Bonifacio,2A041,84300,2017,Sep,13,22,Accidentelle,NA
482,LucÃ©ram,6077,79300,2017,Jan,6,11,Involontaire,travaux
483,Mayres,7153,213000,2017,Mar,21,17,Malveillance,NA
484,ChÃ¢teau-Ville-Vieille,5038,233900,2017,Apr,25,13,Malveillance,NA
485,Treschenu-Creyers,26354,55000,2017,Apr,24,12,Involontaire,particulier
486,LentillÃ¨res,7141,124800,2017,Apr,15,20,Malveillance,NA
487,Saint-Laurent-de-Muret,48165,60400,2017,Feb,26,14,Involontaire,travaux
488,Bassurels,48020,199000,2017,Feb,26,15,Involontaire,travaux
489,Notre-Dame-de-la-RouviÃ¨re,30190,239135,2017,Apr,19,12,Involontaire,travaux
490,Fos-sur-Mer,13039,53000,2017,Jun,6,19,Malveillance,NA
491,Roujan,34237,185147,2017,Jun,11,10,Involontaire,particulier
492,Lantosque,6074,233030,2017,Jan,13,17,Malveillance,NA
493,Vence,6157,61220,2017,Jan,25,14,Involontaire,travaux
494,FontÃ¨s,34103,67435,2017,Jun,24,22,Malveillance,NA
495,Nissan-lez-Enserune,34183,80000,2017,Jun,25,12,Involontaire,particulier
496,Oletta,2B185,75000,2017,Jun,24,11,Malveillance,NA
497,Fos-sur-Mer,13039,184270,2017,Jun,24,15,Malveillance,NA
498,Lespignan,34135,80000,2017,Jun,25,18,Accidentelle,NA
499,Ghisonaccia,2B123,280000,2017,Jun,28,16,Malveillance,NA
500,Saint-Mitre-les-Remparts,13098,143400,2017,Jun,30,16,Malveillance,NA
501,Ramatuelle,83101,156400,2017,Jun,7,13,Involontaire,travaux
502,Barles,4020,57500,2017,Feb,16,11,Involontaire,particulier
503,Pelvoux,5101,100300,2017,Jan,5,13,Involontaire,particulier
504,Vence,6157,342850,2017,Jul,3,17,Accidentelle,NA
505,Pouzolles,34214,93500,2017,Jul,6,12,Malveillance,NA
506,Puy-Saint-EusÃ¨be,5108,144800,2017,Feb,23,15,Involontaire,particulier
507,Collioure,66053,50000,2017,Jun,19,18,Involontaire,particulier
508,Santo-Pietro-di-Tenda,2B314,260000,2017,Jul,6,15,Accidentelle,NA
509,Bessan,34031,62000,2017,Jul,11,16,Malveillance,NA
510,Castello-di-Rostino,2B079,75000,2017,Jul,17,11,Malveillance,NA
511,Speloncato,2B290,62000,2017,Jul,17,13,Malveillance,NA
512,Volpajola,2B355,200000,2017,Jul,17,14,Involontaire,particulier
513,Aspiran,34013,71800,2017,Jul,13,11,Involontaire,travaux
514,Reillanne,4160,79300,2017,Jul,18,14,Involontaire,travaux
515,Montbel,48100,50000,2017,Jan,7,15,Involontaire,travaux
516,Coursegoules,6050,80370,2017,Feb,21,14,Malveillance,NA
517,Cuttoli-Corticchiato,2A103,130000,2017,Jun,22,14,Involontaire,particulier
518,Ota,2A198,50000,2017,Jul,8,10,Malveillance,NA
519,Tavaco,2A323,210000,2017,Jul,8,12,Malveillance,NA
520,Venanson,6156,99010,2017,Feb,26,10,Involontaire,particulier
521,Pianottoli-Caldarello,2A215,51400,2017,Jul,16,13,Accidentelle,NA
522,AlÃ©ria,2B009,613700,2017,Jul,24,10,Malveillance,NA
523,Linguizzetta,2B143,382800,2017,Jul,24,16,Malveillance,NA
524,Peynier,13072,964000,2017,Jul,26,10,Involontaire,particulier
525,Castagniers,6034,906980,2017,Jul,17,14,Involontaire,particulier
526,Saint-Vallier-de-Thiey,6130,154930,2017,Jul,24,15,Malveillance,NA
527,NÃ®mes,30189,103558,2017,Jul,25,14,Malveillance,NA
528,Villeneuve-lÃ¨s-Avignon,30351,174628,2017,Jul,26,14,Malveillance,NA
529,Barles,4020,577600,2017,Feb,25,13,Involontaire,particulier
530,Thorame-Basse,4218,84100,2017,Feb,25,16,Involontaire,travaux
531,Montblanc,34166,119550,2017,Jul,24,12,Malveillance,NA
532,Peyrestortes,66138,70000,2017,Jul,17,14,Malveillance,NA
533,Boulou (Le),66024,60000,2017,Jul,18,17,Involontaire,particulier
534,Istres,13047,58200,2017,Jul,31,15,Malveillance,NA
535,Grabels,34116,68876,2017,Jul,28,14,Malveillance,NA
536,Aix-en-Provence,13001,138100,2017,Aug,1,14,Involontaire,particulier
537,Istres,13047,725200,2017,Aug,1,14,Malveillance,NA
538,Ballons,26022,120000,2017,Jul,17,15,Involontaire,travaux
539,Propriano,2A249,160000,2017,Jul,25,10,Malveillance,NA
540,Appietto,2A017,610000,2017,Aug,2,12,Malveillance,NA
541,Afa,2A001,57635,2017,Aug,2,13,Malveillance,NA
542,Ajaccio,2A004,50000,2017,Aug,4,11,Involontaire,particulier
543,NeffiÃ¨s,34181,57370,2017,Aug,5,17,Involontaire,particulier
544,OssÃ©ja,66130,50000,2017,Feb,16,16,Involontaire,travaux
545,AmÃ©lie-les-Bains-Palalda,66003,50000,2017,Feb,22,14,Malveillance,NA
546,Saint-Tropez,83119,70000,2017,Jul,24,21,Involontaire,particulier
547,Port-de-Bouc,13077,336300,2017,Aug,10,18,Malveillance,NA
548,Ghisonaccia,2B123,150000,2017,Mar,7,12,Malveillance,NA
549,Chusclan,30081,194649,2017,Aug,12,12,Involontaire,travaux
550,Rigaud,6101,89033,2017,Aug,3,11,Involontaire,travaux
551,Saint-Gilles,30258,100000,2017,Aug,15,16,Involontaire,travaux
552,Serra-di-Fiumorbo,2B277,50000,2017,Aug,11,11,Malveillance,NA
553,Saint-Joseph-des-Bancs,7251,96000,2017,Jan,7,15,Malveillance,NA
554,Ceyras,34076,74920,2017,Aug,20,19,Malveillance,NA
555,Beaujeu,4024,216100,2017,Feb,22,15,Involontaire,travaux
556,Bisinchi,2B039,108333,2017,Aug,21,12,Malveillance,NA
557,Rougon,4171,135600,2017,Aug,11,8,Accidentelle,NA
558,Motte-d'Aigues (La),84084,660000,2017,Aug,11,17,Malveillance,NA
559,Gordes,84050,180300,2017,Aug,13,16,Accidentelle,NA
560,Villeveyrac,34341,52321,2017,Jan,21,23,Involontaire,travaux
561,Digne-les-Bains,4070,115700,2017,Aug,23,16,Malveillance,NA
562,Dourbies,30105,100000,2017,Aug,29,12,Malveillance,NA
563,FrÃ©jus,83061,347000,2017,Sep,1,16,Involontaire,particulier
564,Sant'AndrÃ©a-di-Bozio,2B292,210500,2017,Sep,2,12,Malveillance,NA
565,Sant'AndrÃ©a-di-Bozio,2B292,255700,2017,Sep,2,12,Malveillance,NA
566,Linguizzetta,2B143,400000,2017,Sep,2,16,Malveillance,NA
567,Peypin,13073,108900,2017,Sep,3,1,Malveillance,NA
568,FaugÃ¨res,34096,70466,2017,Sep,2,1,Malveillance,NA
569,Ã‰tables,7086,80000,2017,Aug,26,17,Involontaire,travaux
570,DonzÃ¨re,26116,71000,2017,Sep,6,14,Involontaire,travaux
571,Vero,2A345,77000,2017,Aug,17,14,Malveillance,NA
572,Lecci,2A139,110400,2017,Aug,20,3,Malveillance,NA
573,NeffiÃ¨s,34181,437143,2017,Sep,6,18,Malveillance,NA
574,Marseille,13055,55000,2017,Jul,24,15,Malveillance,NA
575,Coursegoules,6050,54150,2017,Sep,17,10,Involontaire,particulier
576,Lunel,34145,193045,2017,Sep,11,15,Involontaire,particulier
577,Rosis,34235,447964,2017,Sep,12,18,Malveillance,NA
578,Castello-di-Rostino,2B079,99100,2017,Sep,21,15,Malveillance,NA
579,LucÃ©ram,6077,116600,2017,Sep,20,19,Naturelle,NA
580,San-Gavino-di-Tenda,2B301,80000,2017,Sep,26,12,Malveillance,NA
581,Trigance,83142,300000,2017,Oct,8,14,Accidentelle,NA
582,Poujol-sur-Orb (Le),34211,53170,2017,Oct,5,14,Involontaire,travaux
583,Saint-Pargoire,34281,846900,2017,Oct,6,5,Malveillance,NA
584,Montouliers,34170,523700,2017,Oct,7,13,Involontaire,particulier
585,Gilette,6066,125140,2017,Oct,7,6,Involontaire,particulier
586,Poussan,34213,100530,2017,Oct,8,16,Involontaire,particulier
587,Focicchia,2B116,97000,2017,Oct,17,15,Malveillance,NA
588,Annot,4008,208400,2017,Sep,17,12,Accidentelle,NA
589,Peyroules,4148,120000,2017,Sep,22,13,Malveillance,NA
590,Arzenc-de-Randon,48008,135000,2017,Mar,16,11,Involontaire,travaux
591,Val d'Oronaye,4120,767100,2017,Oct,5,13,Involontaire,travaux
592,Collias,30085,110000,2017,Jun,23,16,Accidentelle,NA
593,Laviolle,7139,133000,2017,Mar,18,14,Involontaire,travaux
594,Fontvieille,13038,223600,2017,Oct,24,15,Involontaire,travaux
595,Bayons,4023,398600,2017,Mar,17,11,Involontaire,particulier
596,Noyers-sur-Jabron,4139,152300,2017,Mar,17,19,Involontaire,travaux
597,Establet,26123,68000,2017,Oct,29,13,Involontaire,particulier
598,Baixas,66014,180000,2017,Aug,7,13,Involontaire,travaux
599,Rousses,48130,168600,2017,Aug,21,14,Involontaire,particulier
600,Meyrueis,48096,147400,2017,Aug,5,15,Malveillance,NA
601,Enveitg,66066,60000,2017,Mar,15,17,Involontaire,travaux
602,Bages,66011,350000,2017,Sep,2,12,Malveillance,NA
603,Millas,66108,50000,2017,Sep,5,14,Involontaire,travaux
604,Conques-en-Rouergue,12076,120000,2018,Feb,27,14,Malveillance,NA
605,Cronce,43082,76568,2018,Apr,21,12,Accidentelle,NA
606,Livernon,46176,70000,2018,Aug,6,12,Accidentelle,NA
607,ChÃ©niers,23062,300000,2018,Oct,6,14,Accidentelle,NA
608,Belmont-sur-Rance,12025,50000,2018,Aug,9,11,Involontaire,travaux
609,Saint-Izaire,12228,80000,2018,Jul,9,16,Involontaire,travaux
610,Rion-des-Landes,40243,78000,2018,Sep,11,13,Involontaire,travaux
611,Pujols,47215,80000,2018,Mar,22,14,Involontaire,particulier
612,Arcens,7012,50000,2018,Apr,21,16,Involontaire,travaux
613,Forcalqueiret,83059,110000,2018,Apr,27,14,Involontaire,particulier
614,Poussan,34213,113330,2018,Jul,10,16,Involontaire,particulier
615,BÃ©ziers,34032,90429,2018,Jul,11,16,Involontaire,particulier
616,Salses-le-ChÃ¢teau,66190,100000,2018,Jun,18,1,Accidentelle,NA
617,Campitello,2B055,100000,2018,Jan,28,12,Malveillance,NA
618,Ghisonaccia,2B123,50000,2018,Jan,2,15,Malveillance,NA
619,Boisset-et-Gaujac,30042,100023,2018,Aug,4,17,Malveillance,NA
620,Montbazin,34165,153404,2018,Aug,5,15,Malveillance,NA
621,Roquebrun,34232,50420,2018,Aug,4,15,Involontaire,particulier
622,Bosc (Le),34036,58132,2018,Aug,6,14,Malveillance,NA
623,Ghisonaccia,2B123,100700,2018,Sep,1,13,Malveillance,NA
624,AlÃ©ria,2B009,90000,2018,Sep,1,14,Malveillance,NA
625,Saint-Pargoire,34281,75019,2018,Sep,14,5,Malveillance,NA
626,Sollacaro,2A284,50000,2018,Apr,7,17,Involontaire,particulier
627,Pennes-Mirabeau (Les),13071,123300,2018,Sep,23,6,Accidentelle,NA
628,Joncels,34121,257367,2018,Sep,23,21,Malveillance,NA
629,Quarante,34226,119651,2018,Sep,24,10,Involontaire,particulier
630,Pompidou (Le),48115,134700,2018,Sep,25,15,Involontaire,particulier
631,Taglio-Isolaccio,2B318,880000,2018,Jan,3,21,Accidentelle,NA
632,Montbazin,34165,85968,2018,Oct,2,21,Malveillance,NA
633,Montbazin,34165,359700,2018,Oct,4,15,Accidentelle,NA
634,Vias,34332,507900,2018,Oct,3,14,Involontaire,travaux
635,Perpignan,66136,60000,2018,Jul,8,16,Involontaire,particulier
636,Salses-le-ChÃ¢teau,66190,55000,2018,Jul,11,13,Involontaire,particulier
637,Villeneuve-la-RiviÃ¨re,66228,59700,2018,Jul,20,14,Malveillance,NA
638,Pancheraccia,2B201,70000,2018,Jan,3,22,Malveillance,NA
639,Saint-Julien-d'Arpaon,48162,80000,2018,Feb,24,20,Involontaire,travaux
640,Elne,66065,60000,2018,Sep,4,16,Malveillance,NA
641,Salses-le-ChÃ¢teau,66190,150000,2018,Sep,24,21,Involontaire,particulier
642,Saint-Privat,34286,79210,2018,Feb,25,14,Involontaire,travaux
643,PÃ©zÃ¨nes-les-Mines,34200,121077,2018,Feb,26,20,Malveillance,NA
644,Fontan,6062,90000,2018,Mar,25,15,Involontaire,particulier
645,Lantosque,6074,173400,2018,Apr,19,19,Malveillance,NA
646,Crolles,38140,140000,2019,Feb,15,13,Accidentelle,NA
647,Vescles,39557,50000,2019,Feb,25,17,Malveillance,NA
648,Saint-Claude,39478,200000,2019,Mar,27,14,Involontaire,travaux
649,Lect,39289,75000,2019,Mar,27,14,Involontaire,travaux
650,Aurec-sur-Loire,43012,117175,2019,Mar,30,17,Involontaire,travaux
651,Auxey-Duresses,21037,95448,2019,Apr,15,13,Involontaire,travaux
652,Sireix,65428,1000000,2019,Jan,4,8,Involontaire,travaux
653,Arrens-Marsous,65032,100000,2019,Mar,16,21,Involontaire,travaux
654,Vouthon-Bas,55574,300000,2019,Jul,22,17,Involontaire,travaux
655,Mutigney,39377,110000,2019,Jul,17,11,Involontaire,travaux
656,Villeferry,21694,74900,2019,Jul,25,11,Involontaire,particulier
657,Griselles,21309,160000,2019,Jul,17,13,Involontaire,travaux
658,Foulain,52205,600000,2019,Jul,25,15,Involontaire,travaux
659,GrÃ©zillÃ©,49154,90000,2019,Aug,4,14,Involontaire,particulier
660,LonguÃ©-Jumelles,49180,70000,2019,Aug,14,12,Involontaire,travaux
661,Cossaye,58087,86647,2019,Jul,30,19,Malveillance,NA
662,Mauzac,31334,300000,2019,Jul,19,13,Involontaire,travaux
663,Revel,31451,50000,2019,Aug,26,21,Involontaire,particulier
664,Arfons,81016,120000,2019,Sep,15,5,Malveillance,NA
665,La Courtine,23067,100000,2019,Sep,16,16,Accidentelle,NA
666,La Courtine,23067,50000,2019,Sep,21,14,Accidentelle,NA
667,Saint-Agnan,58226,97104,2019,Sep,20,14,Accidentelle,NA
668,Druelle Balsac,12090,90000,2019,Jul,12,15,Involontaire,travaux
669,LoubignÃ©,79153,200000,2019,Jul,7,19,Involontaire,travaux
670,Pirou,50403,400000,2019,Mar,27,13,Malveillance,NA
671,La Chapelaude,3055,740000,2019,Aug,31,13,Accidentelle,NA
672,Halsou,64255,100000,2019,Mar,3,15,Involontaire,particulier
673,Issor,64276,80000,2019,Mar,3,14,Involontaire,particulier
674,Bidarray,64124,950000,2019,Mar,3,10,Involontaire,particulier
675,Sare,64504,200000,2019,Feb,16,18,Involontaire,particulier
676,Saint-Ã‰tienne-de-BaÃ¯gorry,64477,190000,2019,Feb,27,11,Involontaire,travaux
677,Licq-AthÃ©rey,64342,100000,2019,Feb,22,14,Involontaire,travaux
678,EstÃ©renÃ§uby,64218,50000,2019,Feb,17,7,Involontaire,travaux
679,EstÃ©renÃ§uby,64218,50005,2019,Feb,16,12,Involontaire,travaux
680,Lacarry-Arhan-Charritte-de-Haut,64298,60000,2019,Mar,3,17,Malveillance,NA
681,La Force,24222,60000,2019,Apr,15,7,Accidentelle,NA
682,Jumilhac-le-Grand,24218,50000,2019,Mar,24,16,Accidentelle,NA
683,Salles,33498,320000,2019,Aug,4,14,Naturelle,NA
684,Salles,33498,50000,2019,Aug,2,16,Naturelle,NA
685,Louchats,33251,150000,2019,Apr,15,16,Involontaire,travaux
686,Montesquieu,47186,50000,2019,Jul,14,15,Malveillance,NA
687,Panossas,38294,79000,2019,Jul,16,16,Involontaire,travaux
688,BÃ©nonces,1037,100000,2019,Feb,28,16,Involontaire,travaux
689,La Ville-aux-Clercs,41275,190000,2019,Jul,4,15,Involontaire,travaux
690,La Chapelle-Vicomtesse,41041,600000,2019,Jul,17,16,Involontaire,travaux
691,SougÃ©,41250,82000,2019,Jul,22,15,Involontaire,travaux
692,CouÃ«tron-au-Perche,41248,80300,2019,Jul,22,16,Involontaire,travaux
693,Fontaine-Raoul,41088,201000,2019,Jul,25,16,Involontaire,travaux
694,Entrages,4074,99000,2019,Mar,12,14,Involontaire,travaux
695,PrÃ©venchÃ¨res,48119,72300,2019,Mar,17,11,Involontaire,travaux
696,BelvÃ©dÃ¨re,6013,50000,2019,Mar,26,0,Malveillance,NA
697,Darbres,7077,50000,2019,Mar,24,10,Involontaire,travaux
698,Aigues-Vives,34007,256785,2019,Mar,29,11,Involontaire,travaux
699,Rosis,34235,78396,2019,Mar,29,14,Malveillance,NA
700,Tourrettes-sur-Loup,6148,734000,2019,Jan,27,11,Malveillance,NA
701,HyÃ¨res,83069,116000,2019,Jun,14,14,Malveillance,NA
702,SartÃ¨ne,2A272,73800,2019,Jun,14,10,Accidentelle,NA
703,Aghione,2B002,165000,2019,Jun,25,10,Malveillance,NA
704,Dio-et-ValquiÃ¨res,34093,124100,2019,Jun,29,12,Malveillance,NA
705,Calvi,2B050,150000,2019,Jul,8,11,Involontaire,particulier
706,Vitrolles,13117,80000,2019,Jul,10,18,Accidentelle,NA
707,Vitrolles,13117,50000,2019,Jul,10,18,Accidentelle,NA
708,Ampus,83003,380000,2019,Jul,2,11,Naturelle,NA
709,Montferrat,83082,50000,2019,Jul,5,15,Involontaire,travaux
710,CÃ©reste,4045,79700,2019,Jul,13,16,Malveillance,NA
711,Villeveyrac,34341,55253,2019,Jul,15,19,Malveillance,NA
712,Toulon,83137,100000,2019,Jul,18,13,Malveillance,NA
713,FabrÃ¨gues,34095,622900,2019,Jul,18,16,Involontaire,particulier
714,Allemagne-en-Provence,4004,527700,2019,Jul,25,13,Involontaire,travaux
715,Loupian,34143,121109,2019,Jul,26,17,Involontaire,particulier
716,Poussan,34213,171261,2019,Jul,30,21,Malveillance,NA
717,Fraissinet-de-Fourques,48065,139500,2019,Feb,27,14,Involontaire,travaux
718,Vialas,48194,114270,2019,Jul,31,14,Involontaire,travaux
719,Saint-Mandrier-sur-Mer,83153,175200,2019,Jul,29,12,Malveillance,NA
720,Assignan,34015,122869,2019,Aug,2,16,Involontaire,travaux
721,Saint-Jean-de-la-BlaquiÃ¨re,34268,149615,2019,Aug,8,11,Malveillance,NA
722,Rabouillet,66156,670000,2019,Mar,6,12,Involontaire,travaux
723,Lunel,34145,52989,2019,Aug,2,16,Involontaire,particulier
724,Marcoux,4113,287800,2019,Aug,10,12,Involontaire,particulier
725,Cavaillon,84035,130300,2019,Jul,23,15,Malveillance,NA
726,Castello-di-Rostino,2B079,120000,2019,Aug,14,11,Malveillance,NA
727,Castelnau-de-Guers,34056,85000,2019,Aug,12,17,Involontaire,travaux
728,La Roche-des-Arnauds,5123,70400,2019,Aug,14,5,Naturelle,NA
729,Montblanc,34166,206119,2019,Aug,3,15,Involontaire,travaux
730,Conqueyrac,30093,74723,2019,Aug,31,16,Naturelle,NA
731,Roquebrune-sur-Argens,83107,50000,2019,Aug,19,14,Involontaire,particulier
732,Salon-de-Provence,13103,82100,2019,Aug,14,22,Involontaire,particulier
733,SeptÃ¨mes-les-Vallons,13106,104400,2019,Sep,5,17,Involontaire,particulier
734,Oletta,2B185,50000,2019,Sep,8,12,Malveillance,NA
735,Pie-d'Orezza,2B222,100000,2019,Feb,24,10,Malveillance,NA
736,Vendres,34329,55176,2019,Sep,4,16,Involontaire,travaux
737,Aumes,34017,252400,2019,Sep,8,16,Malveillance,NA
738,Linguizzetta,2B143,219200,2019,Sep,13,14,Malveillance,NA
739,Les Plans,34205,112742,2019,Sep,4,14,Accidentelle,NA
740,Saint-Dizier-en-Diois,26300,57300,2019,Feb,23,14,Malveillance,NA
741,Rosis,34235,189162,2019,Sep,15,12,Malveillance,NA
742,Saint-Pargoire,34281,326900,2019,Sep,5,17,Malveillance,NA
743,Erbajolo,2B105,71400,2019,Sep,17,12,Malveillance,NA
744,Taussac-la-BilliÃ¨re,34308,52731,2019,Sep,6,17,Malveillance,NA
745,Montesquieu,34168,111935,2019,Sep,7,6,Malveillance,NA
746,Calcatoggio,2A048,83000,2019,Sep,10,11,Malveillance,NA
747,Notre-Dame-de-la-RouviÃ¨re,30190,87701,2019,Sep,5,13,Malveillance,NA
748,CabriÃ¨res,34045,57257,2019,Sep,18,12,Involontaire,particulier
749,Volpajola,2B355,566000,2019,Oct,4,10,Malveillance,NA
750,Tolla,2A326,710000,2019,Feb,23,19,Involontaire,travaux
751,SartÃ¨ne,2A272,208000,2019,Oct,9,14,Accidentelle,NA
752,Passa,66134,50000,2019,Apr,12,11,Malveillance,NA
753,Torreilles,66212,150000,2019,May,30,13,Malveillance,NA
754,Sainte-Marie-la-Mer,66182,50000,2019,May,30,15,Malveillance,NA
755,Le Pouget,34210,56401,2019,Oct,6,17,Accidentelle,NA
756,Tautavel,66205,80000,2019,Jul,5,14,Malveillance,NA
757,Pertuis,84089,212100,2019,Sep,8,16,Accidentelle,NA
758,La Palud-sur-Verdon,4144,150600,2019,Feb,28,17,Involontaire,travaux
759,Saint-Pargoire,34281,388500,2019,Sep,6,6,Malveillance,NA
760,Ponteilla,66145,50000,2019,Jul,15,1,Malveillance,NA
761,ArgelÃ¨s-sur-Mer,66008,300000,2019,Jul,15,13,Malveillance,NA
762,Villeneuve-de-la-Raho,66227,365000,2019,Jul,15,13,Malveillance,NA
763,Saint-AndrÃ©,66168,100000,2019,Jul,16,13,Malveillance,NA
764,Millas,66108,880000,2019,Jul,16,14,Involontaire,particulier
765,Villelongue-de-la-Salanque,66224,180000,2019,Aug,14,17,Malveillance,NA
766,Gourdon,7098,70000,2019,Feb,28,17,Involontaire,travaux
767,Sisco,2B281,996300,2019,Feb,23,13,Malveillance,NA
768,Ille-sur-TÃªt,66088,50000,2019,Aug,22,12,Involontaire,travaux
769,Banyuls-sur-Mer,66016,330000,2019,Sep,5,5,Malveillance,NA
770,GrÃ©oliÃ¨res,6070,80000,2019,Jan,12,11,Involontaire,particulier
771,Montbazin,34165,154537,2019,Jun,5,14,Malveillance,NA
772,Senez,4204,197300,2019,Mar,1,9,Involontaire,travaux
773,Lantosque,6074,370000,2019,Feb,25,12,Malveillance,NA
774,Valdeblore,6153,342100,2019,Mar,4,15,Malveillance,NA
775,Lachapelle-Graillouse,7121,90000,2019,Mar,4,15,Malveillance,NA
776,Villefort,48198,100000,2019,Feb,13,15,Involontaire,travaux
777,Pied-de-Borne,48015,85000,2019,Feb,16,10,Involontaire,travaux
778,Florac Trois RiviÃ¨res,48061,57700,2019,Feb,27,15,Involontaire,travaux
779,Cans et CÃ©vennes,48166,143500,2019,Feb,28,15,Involontaire,travaux
780,Saint-Julien-d'Arpaon,48162,220000,2019,Feb,27,15,Involontaire,travaux
781,Tiranges,43246,100000,2020,Apr,15,12,Involontaire,particulier
782,Montpezat-de-Quercy,82131,80000,2020,Jul,13,14,Accidentelle,NA
783,FÃ¨re-en-Tardenois,2305,100000,2020,Jul,27,16,Accidentelle,NA
784,Varen,82187,700000,2020,Aug,10,14,Accidentelle,NA
785,Asquins,89021,370000,2020,Jul,13,15,Malveillance,NA
786,Dun-sur-Grandry,58107,216242,2020,Aug,27,18,Involontaire,travaux
787,ConcorÃ¨s,46072,120000,2020,Sep,10,16,Involontaire,travaux
788,PrÃ©sailles,43156,62000,2020,Sep,18,13,Accidentelle,NA
789,Saint-VÃ©rain,58270,75250,2020,Sep,14,15,Involontaire,travaux
790,Blannay,89044,50000,2020,Sep,14,17,Accidentelle,NA
791,Toucy,89419,72000,2020,Sep,15,17,Involontaire,travaux
792,Saint-Angel,3217,250000,2020,Aug,25,13,Malveillance,NA
793,Lurcy-LÃ©vis,3155,55000,2020,Sep,18,18,Accidentelle,NA
794,Sully-sur-Loire,45315,50500,2020,Jul,7,16,Involontaire,travaux
795,ClÃ©ry-Saint-AndrÃ©,45098,100000,2020,Jul,27,13,Involontaire,particulier
796,Fontainebleau,77186,50000,2020,Aug,7,12,Involontaire,particulier
797,Eymoutiers,87064,140000,2020,Aug,11,21,Accidentelle,NA
798,La Possession,97408,108106,2020,Oct,31,14,Accidentelle,NA
799,Villaudric,31581,200000,2020,Aug,7,15,Malveillance,NA
800,Sainte-Eanne,79246,80000,2020,Jul,30,17,Accidentelle,NA
801,LoubillÃ©,79154,70000,2020,Aug,4,11,Involontaire,travaux
802,Champs-sur-Tarentaine-Marchal,15038,50000,2020,Apr,11,15,Involontaire,travaux
803,Vebret,15250,180000,2020,Aug,6,12,Involontaire,travaux
804,Saint-Pierre-de-CÃ´le,24485,80000,2020,Jul,14,17,Accidentelle,NA
805,Montpon-MÃ©nestÃ©rol,24294,50000,2020,Sep,3,14,Malveillance,NA
806,Assat,64067,71000,2020,Sep,17,13,Involontaire,travaux
807,Etsaut,64223,700000,2020,Feb,24,14,Involontaire,travaux
808,Viodos-Abense-de-Bas,64559,50000,2020,Sep,18,13,Malveillance,NA
809,Seignosse,40296,60000,2020,Aug,3,16,Involontaire,particulier
810,Trensacq,40319,120000,2020,Aug,16,12,Accidentelle,NA
811,Arengosse,40006,50000,2020,Aug,12,15,Naturelle,NA
812,Callen,40060,84391,2020,Aug,13,20,Naturelle,NA
813,Le Barp,33029,125500,2020,Mar,1,15,Naturelle,NA
814,Hostens,33202,214300,2020,Sep,7,15,Accidentelle,NA
815,Hostens,33202,362600,2020,Sep,9,14,Accidentelle,NA
816,Le Barp,33029,212400,2020,Sep,16,14,Accidentelle,NA
817,Laruscade,33233,60000,2020,Sep,17,17,Accidentelle,NA
818,Hostens,33202,50000,2020,Sep,18,5,Malveillance,NA
819,Molezon,48098,93400,2020,Apr,15,12,Involontaire,particulier
820,Santo-Pietro-di-Venaco,2B315,110000,2020,Feb,2,11,Malveillance,NA
821,Aghione,2B002,898200,2020,Jun,5,14,Malveillance,NA
822,Comps,30089,86050,2020,Jul,5,9,Accidentelle,NA
823,Loupian,34143,135801,2020,Jul,7,15,Involontaire,particulier
824,PÃ©ret,34197,517100,2020,Jul,8,14,Malveillance,NA
825,Castello-di-Rostino,2B079,322600,2020,Jul,13,11,Malveillance,NA
826,Port-de-Bouc,13077,62000,2020,Jun,26,11,Involontaire,travaux
827,Quarante,34226,295700,2020,Jul,14,15,Accidentelle,NA
828,Montfroc,26200,104200,2020,Jul,21,12,Malveillance,NA
829,Poggio-Mezzana,2B242,196800,2020,Feb,10,18,Malveillance,NA
830,Saint-Vallier-de-Thiey,6130,392700,2020,Feb,11,6,Accidentelle,NA
831,GrÃ©oliÃ¨res,6070,195400,2020,Feb,11,11,Accidentelle,NA
832,La Souche,7315,200000,2020,Feb,15,20,Involontaire,travaux
833,Feliceto,2B112,194400,2020,Aug,3,23,Malveillance,NA
834,Aumelas,34016,67959,2020,Aug,6,15,Malveillance,NA
835,Pietracorbara,2B224,741300,2020,Feb,10,14,Malveillance,NA
836,GrÃ©oux-les-Bains,4094,74800,2020,Aug,6,17,Involontaire,travaux
837,Saint-Vincent-sur-Jabron,4199,351400,2020,Aug,7,15,Accidentelle,NA
838,Loreto-di-Casinca,2B145,50000,2020,Aug,8,6,Malveillance,NA
839,Olmo,2B192,200000,2020,Feb,11,8,Accidentelle,NA
840,Mosset,66119,150000,2020,Feb,24,12,Involontaire,travaux
841,BÃ©ziers,34032,236085,2020,Aug,14,17,Malveillance,NA
842,La Faurie,5055,628500,2020,Aug,10,15,Naturelle,NA
843,Digne-les-Bains,4070,55900,2020,Aug,24,15,Malveillance,NA
844,Espira-de-l'Agly,66069,50000,2020,Mar,13,0,Malveillance,NA
845,GÃ©nÃ©rargues,30129,130605,2020,Jul,19,16,Malveillance,NA
846,Milhaud,30169,409541,2020,Aug,1,15,Malveillance,NA
847,Val-d'Aigoual,30339,663168,2020,Feb,24,15,Involontaire,travaux
848,Ajaccio,2A004,100000,2020,Aug,13,11,Malveillance,NA
849,Appietto,2A017,120000,2020,Aug,13,16,Involontaire,particulier
850,Ampus,83003,311000,2020,Feb,19,11,Involontaire,travaux
851,Bastelica,2A031,56038,2020,Jan,12,15,Involontaire,travaux
852,Sermano,2B275,121520,2020,Sep,6,13,Malveillance,NA
853,Magalas,34147,56520,2020,Sep,3,16,Malveillance,NA
854,Arrigas,30017,89533,2020,Sep,4,13,Involontaire,particulier
855,Rognac,13081,87400,2020,Aug,5,16,Involontaire,particulier
856,Port-de-Bouc,13077,832200,2020,Aug,4,16,Malveillance,NA
857,Coudoux,13118,117300,2020,Aug,3,18,Involontaire,particulier
858,Aubagne,13005,91600,2020,Aug,4,17,Involontaire,travaux
859,Vitrolles,13117,313100,2020,Aug,23,13,Involontaire,particulier
860,Roquebrun,34232,69471,2020,Sep,25,16,Involontaire,particulier
861,PrÃ©venchÃ¨res,48119,180100,2020,Sep,7,15,Accidentelle,NA
862,Val-d'Aigoual,30339,104450,2020,Feb,23,13,Involontaire,travaux
863,Cambia,2B051,50000,2020,Oct,11,11,Malveillance,NA
864,Labeaume,7115,50000,2020,Sep,18,14,Involontaire,particulier
865,EnsuÃ¨s-la-Redonne,13033,53600,2020,Sep,19,19,Involontaire,travaux
866,La Rochette,4170,58800,2020,Feb,7,14,Involontaire,travaux
867,Aubignosc,4013,92500,2020,Nov,21,6,Accidentelle,NA
868,Le BarcarÃ¨s,66017,100000,2020,Jul,4,13,Malveillance,NA
869,Saint-EstÃ¨ve,66172,80000,2020,Jul,7,10,Involontaire,travaux
870,Estagel,66071,286300,2020,Jul,10,16,Malveillance,NA
871,Laroque-des-AlbÃ¨res,66093,80000,2020,Jul,17,16,Malveillance,NA
872,Saint-Hippolyte,66176,200000,2020,Aug,3,19,Involontaire,particulier
873,CÃ©ret,66049,50000,2020,Aug,5,17,Accidentelle,NA
874,Calce,66030,110000,2020,Aug,21,14,Malveillance,NA
875,Banyuls-dels-Aspres,66015,50000,2020,Aug,23,0,Malveillance,NA
876,Carcheto-Brustico,2B063,250000,2020,Feb,26,11,Malveillance,NA
877,Causses-et-Veyran,34061,79565,2020,Nov,7,10,Malveillance,NA
878,Tavaco,2A323,70000,2020,Nov,8,11,Malveillance,NA
879,Pont de Montvert - Sud Mont LozÃ¨re,48116,819600,2020,Feb,23,17,Malveillance,NA
880,Saint-Privat-de-Vallongue,48178,77400,2020,Mar,18,12,Involontaire,particulier
881,RoquebilliÃ¨re,6103,95000,2020,Mar,22,11,Malveillance,NA
882,RoquebilliÃ¨re,6103,112000,2020,Mar,22,13,Malveillance,NA
883,Montendre,17240,150000,2021,Apr,4,15,Involontaire,travaux
884,Saint-Paul,97415,140594,2021,Aug,3,17,Malveillance,NA
885,Saint-Hilaire-les-Places,87150,100000,2021,Apr,3,16,Accidentelle,NA
886,Saint-Paul,97415,384400,2021,Oct,2,7,Malveillance,NA
887,Saint-Sauveur-en-Puisaye,89368,50000,2021,Apr,21,19,Involontaire,travaux
888,Anzat-le-Luguet,63006,90000,2021,Feb,25,13,Involontaire,travaux
889,Anzat-le-Luguet,63006,80000,2021,Mar,6,14,Involontaire,travaux
890,Entraygues-sur-TruyÃ¨re,12094,60000,2021,Feb,22,1,Accidentelle,NA
891,Fondamente,12155,60000,2021,Mar,30,15,Involontaire,travaux
892,Mimizan,40184,600000,2021,Aug,28,15,Involontaire,particulier
893,Saint-Magne,33436,50000,2021,Apr,19,15,Malveillance,NA
894,Saint-Aubin-de-MÃ©doc,33376,50000,2021,Aug,31,2,Accidentelle,NA
895,Pouzolles,34214,216018,2021,Mar,21,10,Involontaire,travaux
896,Brenas,34040,97834,2021,Mar,24,12,Involontaire,travaux
897,Villeveyrac,34341,221628,2021,Mar,29,11,Involontaire,travaux
898,Volpajola,2B355,489000,2021,Mar,31,12,Malveillance,NA
899,Cruzy,34092,60755,2021,Jan,17,12,Malveillance,NA
900,Tende,6163,420000,2021,Apr,7,12,Involontaire,travaux
901,Ispagnac,48075,62600,2021,Apr,1,20,Involontaire,travaux
902,Saint-LÃ©ger-de-Peyre,48168,75000,2021,Apr,2,17,Involontaire,travaux
903,PrÃ©venchÃ¨res,48119,114700,2021,Apr,7,16,Malveillance,NA
904,Saint-Joseph-des-Bancs,7251,57000,2021,Apr,1,10,Involontaire,travaux
905,Monieux,84079,308100,2021,Apr,7,14,Involontaire,particulier
906,Prunet,7187,165000,2021,Apr,8,12,Involontaire,travaux
907,Molines-en-Queyras,5077,55000,2021,May,8,15,Involontaire,particulier
908,Volpajola,2B355,80000,2021,May,17,10,Malveillance,NA
909,Pianello,2B213,50000,2021,Jan,30,9,Malveillance,NA
910,Lespignan,34135,340439,2021,May,30,12,Involontaire,particulier
911,Poilhes,34206,560104,2021,Jun,7,10,Malveillance,NA
912,Lespignan,34135,188475,2021,Jun,7,12,Malveillance,NA
913,Auriol,13007,803300,2021,Apr,6,16,Involontaire,particulier
914,Espira-de-l'Agly,66069,100000,2021,Apr,6,5,Malveillance,NA
915,Saint-FÃ©liu-d'Avall,66174,70000,2021,Jun,14,12,Involontaire,travaux
916,Ajaccio,2A004,54000,2021,Jun,25,15,Involontaire,particulier
917,Port-Vendres,66148,329600,2021,Jun,16,9,Involontaire,travaux
918,Seillans,83124,70000,2021,Jun,30,15,Accidentelle,NA
919,Lumio,2B150,52500,2021,Jul,5,8,Malveillance,NA
920,Parignargues,30193,54503,2021,Jul,9,15,Involontaire,travaux
921,Oletta,2B185,105050,2021,Jul,14,13,Malveillance,NA
922,Vence,6157,89000,2021,Jul,14,12,Involontaire,particulier
923,Alata,2A006,70000,2021,Jul,9,18,Malveillance,NA
924,Olmi-Cappella,2B190,65000,2021,Feb,26,14,Malveillance,NA
925,NÃ©fiach,66121,963400,2021,Jul,18,15,Involontaire,particulier
926,Baho,66012,304530,2021,Jul,19,13,Involontaire,travaux
927,CerbÃ¨re,66048,99300,2021,Jul,31,16,Involontaire,particulier
928,VendÃ©mian,34328,69781,2021,Aug,1,13,Malveillance,NA
929,Linguizzetta,2B143,100000,2021,Aug,7,13,Malveillance,NA
930,NÃ©bian,34180,134100,2021,Aug,2,14,Malveillance,NA
931,Aigues-Vives,34007,67160,2021,Aug,16,19,Involontaire,particulier
932,Aumes,34017,143957,2021,Aug,18,12,Malveillance,NA
933,Nissan-lez-Enserune,34183,464040,2021,Aug,18,13,Involontaire,particulier
934,Appietto,2A017,357000,2021,Jul,29,17,Malveillance,NA
935,Peri,2A209,78000,2021,Aug,3,15,Malveillance,NA
936,Salses-le-ChÃ¢teau,66190,170000,2021,Aug,20,15,Malveillance,NA
937,Tautavel,66205,902900,2021,Aug,26,12,Involontaire,particulier
938,Isola,6073,98000,2021,Aug,26,12,Naturelle,NA
939,Ispagnac,48075,154800,2021,Aug,27,17,Malveillance,NA
940,Martigues,13056,59000,2021,Jul,16,16,Involontaire,particulier
941,Pioggiola,2B235,100000,2021,Mar,13,17,Malveillance,NA
942,Vallecalle,2B333,170000,2021,Mar,14,8,Malveillance,NA
943,Linguizzetta,2B143,334500,2021,Sep,7,14,Malveillance,NA
944,Saint-Jean-de-la-BlaquiÃ¨re,34268,153388,2021,Aug,19,12,Malveillance,NA
945,CabriÃ¨res,34045,278905,2021,Aug,24,12,Malveillance,NA
946,Poussan,34213,61647,2021,Aug,26,11,Malveillance,NA
947,Le Bosc,34036,113183,2021,Aug,28,12,Malveillance,NA
948,AlÃ©nya,66002,75000,2021,Aug,28,19,Malveillance,NA
949,Vias,34332,70550,2021,Sep,27,15,Involontaire,particulier
950,Alata,2A006,157305,2021,Oct,10,12,Involontaire,particulier
951,Dio-et-ValquiÃ¨res,34093,72005,2021,Oct,12,18,Involontaire,travaux
952,Lespignan,34135,378600,2021,Oct,28,13,Malveillance,NA
953,Octon,34186,68072,2021,Oct,10,12,Malveillance,NA
954,Castelnau-de-Guers,34056,80994,2021,Oct,13,18,Malveillance,NA
955,Montbazin,34165,445051,2021,Aug,16,5,Malveillance,NA
956,Murviel-lÃ¨s-BÃ©ziers,34178,54906,2021,Mar,11,14,Malveillance,NA
957,Palneca,2A200,184200,2021,Oct,23,16,Malveillance,NA
958,Soveria,2B289,106000,2021,Oct,25,15,Malveillance,NA
959,Castello-di-Rostino,2B079,70000,2021,Oct,26,15,Malveillance,NA
960,Venzolasca,2B343,80000,2021,Dec,19,11,Malveillance,NA
961,Lunas,34144,77012,2021,Mar,13,17,Involontaire,travaux
962,Jou-sous-Monjou,15081,50000,2022,Jan,24,18,Involontaire,travaux
963,Chaudes-Aigues,15045,150000,2022,Feb,10,16,Involontaire,travaux
964,Santenay,21582,75000,2022,Mar,9,15,Involontaire,travaux
965,Cabrerets,46040,200000,2022,Mar,23,12,Accidentelle,NA
966,Saint-Beauzile,81243,849600,2022,Jun,18,12,Involontaire,travaux
967,Viviers-lÃ¨s-Montagnes,81325,122000,2022,Jun,18,19,Involontaire,travaux
968,Crespinet,81073,500000,2022,Jun,19,14,Accidentelle,NA
969,LieutadÃ¨s,15106,250000,2022,May,12,14,Involontaire,particulier
970,La Ville-aux-Clercs,41275,300000,2022,Jun,18,12,Involontaire,travaux
971,Donzy,58102,60000,2022,Jul,9,20,Involontaire,particulier
972,Varzy,58304,50100,2022,Jul,11,16,Involontaire,particulier
973,Cras,46079,90000,2022,Jul,10,17,Involontaire,particulier
974,HagÃ©ville,54244,120000,2022,Jul,19,12,Involontaire,travaux
975,Belleserre,81027,110000,2022,Jul,30,17,Malveillance,NA
976,Le Puy-en-Velay,43157,98500,2022,Aug,12,17,Naturelle,NA
977,Diarville,54156,60500,2022,Aug,12,13,Accidentelle,NA
978,Boisset-Saint-Priest,42021,200000,2022,Jun,17,13,Involontaire,travaux
979,Paimpont,35211,100000,2022,Jul,18,10,Involontaire,particulier
980,Donzy,58102,260000,2022,Aug,10,13,Involontaire,particulier
981,Le Crocq,60182,500000,2022,Jul,19,14,Involontaire,travaux
982,Chirongui,97606,70000,2022,Nov,6,0,Involontaire,travaux
983,Bandrele,97603,50000,2022,Oct,23,0,Involontaire,travaux
984,Ã‰caquelon,27209,800000,2022,Aug,10,13,Accidentelle,NA
985,Les Trois-Bassins,97423,55342,2022,Dec,19,8,Malveillance,NA
986,Saint-Philibert,56233,50000,2022,Aug,6,13,Involontaire,particulier
987,Erdeven,56054,340000,2022,Aug,6,16,Malveillance,NA
988,Meucon,56132,150000,2022,Aug,7,3,Malveillance,NA
989,Marzan,56126,200000,2022,Aug,8,11,Involontaire,travaux
990,Saint-Lambert-sur-Dive,61413,100000,2022,Sep,19,15,Malveillance,NA
991,CondÃ©-sur-Sarthe,61117,200000,2022,Sep,4,13,Malveillance,NA
992,Soligny-la-Trappe,61475,600000,2022,Aug,27,15,Malveillance,NA
993,Saint-Nicolas-de-Sommaire,61435,100000,2022,Aug,25,15,Malveillance,NA
994,Longny les Villages,61230,150000,2022,Aug,25,12,Malveillance,NA
995,Le Renouard,61346,350000,2022,Aug,24,14,Malveillance,NA
996,Saint-Germain-du-CorbÃ©is,61397,150000,2022,Aug,23,14,Malveillance,NA
997,Tournai-sur-Dive,61490,110000,2022,Aug,12,15,Malveillance,NA
998,Bellou-en-Houlme,61040,50000,2022,Aug,12,13,Malveillance,NA
999,Le Pin-la-Garenne,61329,200000,2022,Aug,12,11,Malveillance,NA
1000,Domfront en Poiraie,61145,100000,2022,Aug,11,13,Malveillance,NA
1001,Sainte-Honorine-la-Chardonne,61407,100000,2022,Aug,10,17,Malveillance,NA
1002,Barville,61026,160000,2022,Aug,10,14,Malveillance,NA
1003,MÃ©nil-Erreux,61263,50000,2022,Aug,10,12,Malveillance,NA
1004,L'HÃ´me-Chamondot,61206,50000,2022,Aug,9,18,Malveillance,NA
1005,Avoine,61020,100000,2022,Aug,8,10,Malveillance,NA
1006,Chandai,61092,205000,2022,Aug,7,13,Malveillance,NA
1007,Sap-en-Auge,61460,200000,2022,Aug,5,18,Malveillance,NA
1008,Saint-Pierre-du-Regard,61447,200000,2022,Jul,30,18,Malveillance,NA
1009,Bellavilliers,61037,200000,2022,Jul,30,14,Malveillance,NA
1010,Bretoncelles,61061,150000,2022,Jul,27,13,Malveillance,NA
1011,Longny les Villages,61230,1000000,2022,Jul,26,19,Malveillance,NA
1012,Saint-Mard-de-RÃ©no,61418,100000,2022,Jul,26,17,Malveillance,NA
1013,Charencey,61429,100000,2022,Jul,26,14,Malveillance,NA
1014,Saint-Ouen-sur-Iton,61440,100000,2022,Jul,25,18,Malveillance,NA
1015,Bures,61067,400000,2022,Jul,24,21,Malveillance,NA
1016,Saint-Ouen-sur-Iton,61440,100000,2022,Jul,21,19,Malveillance,NA
1017,Le Sap-AndrÃ©,61461,80000,2022,Jul,19,15,Malveillance,NA
1018,MacÃ©,61240,100000,2022,Jul,19,14,Malveillance,NA
1019,Banvou,61024,100000,2022,Jul,19,14,Malveillance,NA
1020,Bures,61067,50000,2022,Jul,19,0,Malveillance,NA
1021,Tinchebray-Bocage,61486,350000,2022,Jul,18,19,Malveillance,NA
1022,Faverolles,61158,400000,2022,Jul,18,12,Malveillance,NA
1023,Domfront en Poiraie,61145,50000,2022,Jul,17,15,Malveillance,NA
1024,Cour-Maugis sur Huisne,61050,100000,2022,Jul,17,15,Malveillance,NA
1025,Mantilly,61248,50000,2022,Jul,16,19,Malveillance,NA
1026,Perche en NocÃ©,61309,60000,2022,Jul,15,14,Malveillance,NA
1027,Saint-Mars-d'Ã‰grenne,61421,100000,2022,Jul,15,14,Malveillance,NA
1028,BoischamprÃ©,61375,400000,2022,Jul,12,11,Malveillance,NA
1029,ChaillouÃ©,61081,100000,2022,Jul,11,15,Malveillance,NA
1030,Saint-Symphorien-des-BruyÃ¨res,61457,150000,2022,Jul,8,17,Malveillance,NA
1031,Saint-Pierre-d'Entremont,61445,300000,2022,Jul,8,17,Malveillance,NA
1032,Cour-Maugis sur Huisne,61050,250000,2022,Jun,14,16,Malveillance,NA
1033,La GonfriÃ¨re,61193,300000,2022,Jun,12,18,Malveillance,NA
1034,Lonrai,61234,200000,2022,Jun,12,15,Malveillance,NA
1035,AlmenÃªches,61002,100000,2022,Jun,12,15,Malveillance,NA
1036,MahÃ©ru,61244,50000,2022,Mar,25,17,Malveillance,NA
1037,Saint-Georges-de-LuzenÃ§on,12225,62000,2022,Mar,28,13,Accidentelle,NA
1038,VerriÃ¨res,12291,155000,2022,Jun,15,15,Involontaire,travaux
1039,Vif,38545,165800,2022,Aug,11,14,Malveillance,NA
1040,Murasson,12163,307000,2022,Jun,19,17,Accidentelle,NA
1041,Les Albres,12003,64400,2022,Aug,8,13,Malveillance,NA
1042,BroquiÃ¨s,12037,60000,2022,Sep,22,15,Accidentelle,NA
1043,Vaujany,38527,150000,2022,Jun,18,18,Naturelle,NA
1044,Luz-Saint-Sauveur,65295,400000,2022,Feb,8,14,Malveillance,NA
1045,EnsignÃ©,79111,311000,2022,Jun,15,13,Involontaire,travaux
1046,Nueil-les-Aubiers,79195,129000,2022,Jun,27,15,Involontaire,travaux
1047,Assais-les-Jumeaux,79016,129000,2022,Jul,10,12,Involontaire,travaux
1048,BoussÃ¨s,47039,228000,2022,Jul,19,21,Naturelle,NA
1049,La Roche-Chalais,24354,597000,2022,Aug,7,17,Malveillance,NA
1050,MoliÃ¨res,24273,122000,2022,Aug,9,13,Accidentelle,NA
1051,Eygurande-et-Gardedeuil,24165,50000,2022,Aug,4,18,Malveillance,NA
1052,Eygurande-et-Gardedeuil,24165,80000,2022,Aug,7,18,Malveillance,NA
1053,Bourriot-Bergonce,40053,60000,2022,Mar,26,15,Involontaire,particulier
1054,Sanguinet,40287,169660,2022,Aug,16,15,Naturelle,NA
1055,Sore,40307,168180,2022,Aug,12,19,Accidentelle,NA
1056,Laluque,40142,258000,2022,Oct,20,14,Accidentelle,NA
1057,Luxey,40167,184110,2022,Sep,6,17,Naturelle,NA
1058,Laluque,40142,326000,2022,Aug,2,14,Involontaire,travaux
1059,CrÃ©on-d'Armagnac,40087,85990,2022,Aug,25,17,Naturelle,NA
1060,Herm,40123,459000,2022,Sep,12,15,Accidentelle,NA
1061,Parentis-en-Born,40217,118000,2022,Jul,5,16,Naturelle,NA
1062,Garlin,64233,100000,2022,Sep,14,16,Involontaire,travaux
1063,Esquiule,64217,150000,2022,Oct,28,19,Malveillance,NA
1064,Auros,33021,105000,2022,May,11,17,Accidentelle,NA
1065,Queyrac,33348,194000,2022,Aug,6,19,Malveillance,NA
1066,Le Verdon-sur-Mer,33544,50000,2022,Aug,10,6,Malveillance,NA
1067,Le Pian-MÃ©doc,33322,50000,2022,Jul,17,3,Malveillance,NA
1068,Romilly,41193,80000,2022,Jul,11,14,Involontaire,travaux
1069,Romilly,41193,80000,2022,Jul,11,14,Involontaire,travaux
1070,Coussay-les-Bois,86086,51500,2022,Jul,18,19,Involontaire,travaux
1071,Pero-Casevecchie,2B210,70000,2022,Jan,12,9,Malveillance,NA
1072,SabliÃ¨res,7202,214923,2022,Jan,20,17,Involontaire,particulier
1073,Isolaccio-di-Fiumorbo,2B135,50000,2022,Jan,29,13,Malveillance,NA
1074,Albertacce,2B007,493700,2022,Feb,1,15,Involontaire,travaux
1075,Penta-di-Casinca,2B207,222400,2022,Feb,1,15,Malveillance,NA
1076,Corscia,2B095,321000,2022,Feb,11,14,Malveillance,NA
1077,MÃ©rifons,34156,82618,2022,Jan,23,11,Involontaire,travaux
1078,Saint-Nazaire-de-Ladarez,34279,63576,2022,Mar,24,17,Malveillance,NA
1079,Pioggiola,2B235,350000,2022,Feb,24,14,Malveillance,NA
1080,Speloncato,2B290,80000,2022,Feb,26,11,Malveillance,NA
1081,Loreto-di-Casinca,2B145,190000,2022,Feb,26,14,Malveillance,NA
1082,Ancelle,5004,339545,2022,Mar,24,10,Malveillance,NA
1083,La Motte-en-Champsaur,5090,446427,2022,Mar,26,14,Malveillance,NA
1084,Genestelle,7093,170980,2022,Jan,26,12,Involontaire,particulier
1085,Speloncato,2B290,112000,2022,Mar,12,10,Malveillance,NA
1086,Pietralba,2B223,56000,2022,Mar,24,9,Malveillance,NA
1087,Valdeblore,6153,396400,2022,Mar,24,10,Involontaire,travaux
1088,Barcelonnette,4019,350000,2022,Mar,26,14,Involontaire,particulier
1089,La Rochette,4170,867100,2022,Apr,8,13,Malveillance,NA
1090,Aubagne,13005,120000,2022,Mar,26,15,Involontaire,particulier
1091,SumÃ¨ne,30325,190184,2022,Apr,14,14,Accidentelle,NA
1092,Comps-sur-Artuby,83044,273000,2022,Apr,9,16,Involontaire,particulier
1093,Banon,4018,59700,2022,Apr,18,12,Involontaire,particulier
1094,Forciolo,2A117,73000,2022,Mar,25,18,Involontaire,travaux
1095,Bastelica,2A031,77000,2022,Apr,13,12,Involontaire,travaux
1096,Pouzolles,34214,97231,2022,Jan,28,16,Involontaire,travaux
1097,PrÃ©venchÃ¨res,48119,80000,2022,Jan,26,15,Involontaire,travaux
1098,Pont de Montvert - Sud Mont LozÃ¨re,48116,200000,2022,Jan,27,14,Involontaire,travaux
1099,Opoul-PÃ©rillos,66127,80000,2022,May,18,13,Involontaire,travaux
1100,Cagnano,2B046,339800,2022,Apr,12,12,Malveillance,NA
1101,Olcani,2B184,96300,2022,Apr,16,16,Malveillance,NA
1102,Canari,2B058,239000,2022,Apr,18,13,Malveillance,NA
1103,San-Gavino-di-Tenda,2B301,116000,2022,Apr,18,14,Malveillance,NA
1104,Vitrolles,13117,70000,2022,Jun,9,14,Malveillance,NA
1105,Grans,13044,50000,2022,Jun,9,16,Involontaire,particulier
1106,Baixas,66014,293800,2022,Jun,12,14,Malveillance,NA
1107,Blauzac,30041,179700,2022,Jun,13,15,Involontaire,particulier
1108,LÃ©denon,30145,376800,2022,Jun,13,14,Accidentelle,NA
1109,Orgon,13067,99900,2022,Jun,15,13,Involontaire,particulier
1110,Saint-Denis-en-Margeride,48145,60000,2022,Mar,1,11,Involontaire,travaux
1111,Chirac,48049,50000,2022,Mar,6,19,Involontaire,travaux
1112,ChasseradÃ¨s,48040,60000,2022,Mar,7,19,Involontaire,particulier
1113,Guzargues,34118,329248,2022,Jun,17,15,Accidentelle,NA
1114,Saint-Jean-de-la-BlaquiÃ¨re,34268,146953,2022,Jun,17,16,Malveillance,NA
1115,Laroque-des-AlbÃ¨res,66093,101000,2022,Jun,23,14,Malveillance,NA
1116,Grignan,26146,363463,2022,Jun,18,11,Malveillance,NA
1117,Saint-BarthÃ©lemy-de-Vals,26295,110000,2022,Jun,19,13,Malveillance,NA
1118,Santo-Pietro-di-Tenda,2B314,350000,2022,Jun,7,14,Involontaire,travaux
1119,Vivario,2B354,261600,2022,Jun,8,23,Malveillance,NA
1120,Ghisonaccia,2B123,57000,2022,Jun,10,18,Malveillance,NA
1121,Barbaggio,2B029,53000,2022,Jun,12,11,Malveillance,NA
1122,Linguizzetta,2B143,730000,2022,Jun,13,12,Involontaire,particulier
1123,Ghisonaccia,2B123,235900,2022,Jun,21,11,Involontaire,travaux
1124,AlÃ©ria,2B009,300000,2022,Jun,24,12,Involontaire,travaux
1125,Venaco,2B341,50000,2022,Jun,23,1,Malveillance,NA
1126,Ville-di-Paraso,2B352,81000,2022,Jun,26,13,Malveillance,NA
1127,Seillans,83124,150000,2022,Jun,11,12,Involontaire,travaux
1128,Serviers-et-Labaume,30319,772400,2022,Jun,13,15,Involontaire,travaux
1129,Rivesaltes,66164,55000,2022,Jun,28,11,Malveillance,NA
1130,Cases-de-PÃ¨ne,66041,66300,2022,Jun,28,18,Malveillance,NA
1131,Millas,66108,661500,2022,Jun,29,15,Malveillance,NA
1132,Milhaud,30169,138303,2022,Jul,8,0,Accidentelle,NA
1133,Saussan,34295,121971,2022,Jul,1,16,Malveillance,NA
1134,Saint-Pons-de-Mauchiens,34285,116264,2022,Jul,5,18,Malveillance,NA
1135,Boucieu-le-Roi,7040,65000,2022,Jun,20,17,Accidentelle,NA
1136,Gorges du Tarn Causses,48146,370000,2022,Jul,19,13,Involontaire,travaux
1137,BÃ©douÃ¨s,48022,120000,2022,Jul,20,16,Involontaire,travaux
1138,48022,4179,210000,2022,Jul,19,16,Naturelle,NA
1139,Castello-di-Rostino,2B079,148000,2022,Jul,24,14,Malveillance,NA
1140,Venaco,2B341,300900,2022,Jul,28,13,Malveillance,NA
1141,Albertacce,2B007,219000,2022,Jul,28,16,Malveillance,NA
1142,Santo-Pietro-di-Tenda,2B314,300000,2022,Aug,1,8,Malveillance,NA
1143,Vendres,34329,138560,2022,Jul,26,18,Malveillance,NA
1144,PuÃ©chabon,34221,154863,2022,Jul,26,21,Malveillance,NA
1145,Les Rives,34230,291900,2022,Jul,28,13,Naturelle,NA
1146,Montagnac,34162,130122,2022,Aug,2,15,Malveillance,NA
1147,LucÃ©ram,6077,63000,2022,Jul,31,17,Accidentelle,NA
1148,Saint-Ã‰tienne-VallÃ©e-FranÃ§aise,48148,150000,2022,Aug,2,17,Accidentelle,NA
1149,Serdinya,66193,973700,2022,Jul,23,14,Involontaire,particulier
1150,Vallon-Pont-d'Arc,7330,732400,2022,Jul,18,14,Malveillance,NA
1151,Laurac-en-Vivarais,7134,713800,2022,Jul,22,16,Malveillance,NA
1152,Darbres,7077,180000,2022,Jul,27,10,Malveillance,NA
1153,Mazaugues,83076,343300,2022,Jul,31,13,Involontaire,travaux
1154,Tresserre,66214,50000,2022,Jul,30,21,Accidentelle,NA
1155,VacquiÃ¨res,34318,321000,2022,Aug,6,15,Involontaire,particulier
1156,Faucon-de-Barcelonnette,4086,97000,2022,Feb,8,11,Involontaire,particulier
1157,Sisteron,4209,62300,2022,Feb,9,14,Involontaire,particulier
1158,Les Bondons,48028,290000,2022,Aug,5,18,Naturelle,NA
1159,Cournonsec,34087,69233,2022,Jul,10,11,Involontaire,particulier
1160,Portiragnes,34209,115995,2022,Jul,20,11,Involontaire,travaux
1161,Pied-de-Borne,48015,100000,2022,Aug,12,17,Accidentelle,NA
1162,Amirat,6002,120000,2022,Aug,6,17,Naturelle,NA
1163,Cozzano,2A099,51000,2022,Aug,7,16,Naturelle,NA
1164,Empurany,7085,121000,2022,Aug,10,14,Accidentelle,NA
1165,Lamastre,7129,105000,2022,Aug,13,11,Malveillance,NA
1166,Saint-Quentin-la-Poterie,30295,512700,2022,Jul,24,16,Malveillance,NA
1167,Rosis,34235,71168,2022,Aug,7,16,Malveillance,NA
1168,AvÃ¨ne,34019,362900,2022,Aug,7,16,Accidentelle,NA
1169,Pia,66141,58000,2022,Aug,7,14,Malveillance,NA
1170,Velaux,13112,95400,2022,Jul,3,16,Involontaire,particulier
1171,Martigues,13056,83100,2022,Jul,8,16,Involontaire,particulier
1172,Saint-Mitre-les-Remparts,13098,248600,2022,Jul,8,2,Malveillance,NA
1173,SeptÃ¨mes-les-Vallons,13106,349990,2022,Jul,31,16,Accidentelle,NA
1174,CabriÃ¨s,13019,50000,2022,Aug,2,16,Accidentelle,NA
1175,Saint-Martin-de-Crau,13097,948280,2022,Aug,22,15,Malveillance,NA
1176,Castellane,4039,289400,2022,Feb,10,15,Involontaire,particulier
1177,Montpezat-sous-Bauzon,7161,248000,2022,Aug,28,0,Malveillance,NA
1178,Beaulieu,7028,80000,2022,Sep,1,11,Naturelle,NA
1179,BÃ©douÃ¨s-CocurÃ¨s,48050,60000,2022,Sep,18,15,Accidentelle,NA
1180,Comigne,11095,285519,2022,Aug,29,12,Involontaire,particulier
1181,Tende,6163,68800,2022,Sep,19,11,Involontaire,travaux
1182,Roquebrune-Cap-Martin,6104,71000,2022,Sep,9,23,Involontaire,travaux
1183,Oletta,2B185,80000,2022,Oct,5,14,Malveillance,NA
1184,CaudiÃ¨s-de-FenouillÃ¨des,66046,811900,2022,Aug,15,2,Malveillance,NA
1185,Port-Vendres,66148,64000,2022,Sep,3,2,Accidentelle,NA
1186,Sant'AndrÃ©a-di-Bozio,2B292,55000,2022,Oct,22,13,Malveillance,NA
1187,Sant'AndrÃ©a-di-Bozio,2B292,102070,2022,Oct,24,12,Malveillance,NA
1188,Campitello,2B055,177900,2022,Oct,28,15,Malveillance,NA
1189,Venterol,26367,200000,2022,Jul,18,16,Malveillance,NA
1190,Fabrezan,11132,54800,2022,Nov,20,14,Involontaire,travaux
1191,La Souche,7315,50000,2022,Jan,16,16,Involontaire,particulier
1192,Piolenc,84091,264600,2022,Jul,1,14,Involontaire,particulier
1193,Vallabrix,30337,54745,2022,Jul,24,17,Accidentelle,NA
1194,Bastelica,2A031,50000,2022,Jan,30,16,Involontaire,travaux
1195,Le Fugeret,4090,221200,2022,Jan,16,13,Involontaire,travaux
1196,Colmars,4061,105700,2022,Jan,17,11,Involontaire,particulier
1197,AullÃ¨ne,2A024,387700,2022,Feb,24,17,Malveillance,NA
1198,Valdeblore,6153,70000,2022,Feb,26,14,Involontaire,particulier
1199,Saint-ClÃ©ment,7226,94600,2022,Feb,18,16,Involontaire,particulier
1200,Le Roux,7200,134800,2022,Feb,26,16,Involontaire,particulier
1201,La Hague,50041,390000,2022,Jul,17,2,Malveillance,NA
1202,La Hague,50041,60000,2022,Jul,17,23,Malveillance,NA
